id	name	occurrences
000t7Ge3vazfHDgDwYV8dZ	Natale 2020	1
00BTANHgZ5QUmFI0JYlGMR	2020 Takeover	4
00wSTrFxoSzA7eeS1UxHgd	Sin Miedo (del Amor y Otros Demonios) ∞	1
01018kIpMNDTe0WrYornLN	I Ciebie też, bardzo (feat. Daria Zawiałow, Dawid Podsiadło & Vito Bambino)	1
0123ZSq3eaXzJR2F3mkH1I	Armada Music - ADE 2021	1
01BQsQKdrRMccxkLTxfifJ	Baby Syko Recargado 2021	2
01ljuVc2WaDboy483K0Qnr	Paparazzi (Tiktok Remix 2021)	1
02FJCFOZCjJi7nv4p7ojeO	2020.10.03 Swanzey, NH	1
02SRvzvwKNQJpqjdehWAif	Twelve Carat Toothache	1
03LcPpFSGxjhACkEZvs639	Blue Christmas (Recorded at Electric Lady Studios NYC, 2020)	1
03mK4y6son7RS0IJ5rgkuI	Songs from 2019 to 2020	2
04PEOM6kIEeq9lRp1asNP2	"I Ain’t Worried (Music From The Motion Picture ""Top Gun: Maverick"")"	1
04m06KhJUuwe1Q487puIud	Levitating (feat. DaBaby)	2
04zGytx3eRCDR7JEQB9GSX	Insomnia 2021	1
05AYKlQEyfLJrnyhdpyv3y	Tightrope 2020	1
05fEduky1OzqZDVzu5x7Sa	2020 Best: Into the Crystal Clear Sea and Feel the Power with Perfect Noises	1
06RhAj4FSp8YlDyrxulgbt	We Are The People (feat. Bono & The Edge) [Official UEFA EURO 2020 Song]	1
07AiRVrtrniKqkxHpLLY2g	Blow	1
07CM0ynbk777KLS873VTdz	2020	1
07LbPg138V7VfvZjsQ04aH	Power Corruption and Lies (Definitive)	2
08EMmUvvIEQEI7k0FxoQhD	Ted Tapes 2021	1
08PAopCLhVcOU7H9GTGKjF	2020 - EP	1
09OlQwwN1ljdHCrNPLegbx	Aquel niño (2021)	1
09gXMHQyyN4soqfSbvq6qi	Shichihenge	1
09owBAxztRTpvd1nxXsyuy	Dreamers	1
0ApSVk8bGg13w4KYWMa8Vi	Bloodrain	1
0CEYVhYzqhLW43ABl04cbM	Good Vibes 2020	2
0CNCv0znPVq1m4BOIOYjl6	2020	2
0ClfZOLWWYaTFRVzUiDS87	Chillhop Essentials Fall 2021	28
0D7yJonn41qsrIQ7YdWk2z	Nicotine	1
0DftfjFcRoFQrEMsgBaGC8	Real Bad (2020)	1
0EZXRiEk4lLlKTUWnvykFp	Spring's End 2021	16
0EyxVVXMP7pOrSyaz1wg5Z	2021	1
0F5JNuFJ9AcZnKdNRjWFeN	VSQ Performs the Hits of 2020	5
0Gmf4pfe0POEQq2FgGAj2q	ODDINARY	1
0GnuVPbMZOyajT6qWcfsMi	Covers 2021	4
0H3eSSk7kGzgvqUDRWbony	Nxxxxxs 2020 Compilation: Singles, Rejects & Forgotten	1
0I7Gsv7dkQADuCyuCw0neB	FOXWEDDING LOST WORKS 2016 - 2020	1
0ImH3KcLA3NALG1r6vz7Fw	Best of Bassrush: 2021 (Mixed by JEANIE)	1
0JGOiO34nwfUdDrD612dOp	Happier Than Ever	1
0JLXXdA1ENNyfyj6oKGbsq	silence	1
0KBdfMTMxi0oD1oVqApTjr	Closer	9
0KRR7VEFdZJ7J2b6LyXzlo	让风告诉你 (游戏《原神》2021拜年纪同人曲)	1
0KTj6k94XZh0c6IEMfxeWV	Dreamland (+ Bonus Levels)	2
0Ldhc6ASTlCZkuxT8QVmQ5	Latin Spring Party 2021 Vol. 2	1
0LpJihfyyiw5co8WS9NklT	Under A Winter's Moon (Live At Knox Church, Stratford, Ontario / 2021)	23
0M0Zxu7KVzFZZ8q4z2i4gi	El Dorado	1
0Mqo0nUjcQbBKjrmxo93e9	pov: it’s winter and you’re romanticizing christmas time	1
0NlICeyktPXMFJoj95ocBm	Alternative Hits 2022	10
0OdrNo4Ul0cHpLeyab6HSp	MMXXI 2021	1
0Pc1eDt8psTSEzg80Zz4Z3	BlueGuns	1
0Pgfvc1NylAmQsl3Vrev9e	Total Eclipse (2022 Remaster)	1
0RajLueM9zjdTYcBUFR1cd	2021	1
0RrdMTcw1njbMStOZmkn87	Idol Hands	1
0S0KGZnfBGSIssfF54WSJh	WHEN WE ALL FALL ASLEEP, WHERE DO WE GO?	1
0SFtIrRytNI4kcf93Tbhdf	Actual Life 2 (February 2 - October 15 2021)	16
0ShPWwAwhOYolkaEiboDOr	Boom (The Crystal Method Remix) [2021 Remaster]	1
0Sj1deMStpxO5x5jrscmGt	Dear 2020...	1
0SxGclL3RSW4T33DF1wVYm	Navidad 2020	1
0TEPF8KrRwtxPj7NeEdzul	2021 Barbie Girl	1
0TJbHn3Cx2UhILpiinvHlV	Christmas 2022	11
0TQG9HCLZGushGzSwvtxC1	Sign O' The Times (Super Deluxe Edition)	8
0ThJfwpBxyMUrPyHMFMPaV	2022	1
0UEsFKujsdFIRXYB63FDvi	Sport Music 2020	1
0UIMsob2YtFLaPapO9KkL5	The Time (Expanded Edition) [2021 Remaster]	3
0UPr4kD3ZmC14EsT8XLagw	F2020	1
0Ul4h8cL3XeDeynbkieDpL	Yuh Bad Riddim (Soca 2020 Trinidad and Tobago Carnival)	1
0VaHnwzDug4AcDkejYDUl5	Sunroof	1
0VgAgvoUbLDa0QdTLPIHCG	2022	1
0VvflnMUoEoxLeJI7WxooP	Nick Nitro Undertale Mixes, Volume 5	1
0WZJZ2Qi76uYmjPl3EL0rK	Deliberate 猶豫 (Remastered 2020)	1
0WaZyW9cCVYUVwlme39iyC	Happy Christmas 2022	22
0WoQL52aHQmrsjouDVbaWq	Weihnachten 2022	8
0X92R9KRPSAf7DgaAbYshe	Noël jazz 2022	1
0Xy3PyBtqk8WO6FMQ56sTR	Fresquito	1
0YybYXU8sZC5r0nggNH2JI	La Cremita 2020	1
0Zvh1HRF7ihFUpfjy4nMPA	Teo (2021)	1
0aZH8VUhQfLHCibmMdJgoN	2022	1
0b9kmV4rwcETbu2Dw1DPF8	To Where I Belong (2021)	1
0bEpMRI8Jpn9YrNeGgRzK8	Who Would've Thought	1
0c0PO6CezWV1WuUpxquUi4	Battle Queens - 2020	1
0dDzckGxFn6NLbRtmQRynC	Lofi HipHop Beats 2021 Mix - Chill Beats To Study To	2
0dbZCuF9B22PA9d0ZJnhaT	LOST SONGS	5
0diK9qHmlkHHiJMnmp9Xtm	FUCK ANTHONY (ANTHONY FANTANO DISS 2021)	1
0dyTtlGRslN0ZOGtA4rTlx	Singles 2020 - 2021	9
0fEO7g2c5onkaXsybEtuD2	Eternal Atake (Deluxe) - LUV vs. The World 2	2
0fGucHnQoH2IaR7CEQCtFK	2020 World Championship Theme	1
0fRLn5cUz7tjWvbSz03s0G	Fourth of July 2021	1
0fUL97APBzDeGCgQUrA5hS	2022	1
0fqF5sprFqMCgNuFVKtGem	The Best Of Otis Redding	1
0fvQ1SH7oI7jn6zJ6sbUsE	Renegade 2.0 (20 Year Anniversary Edition)	1
0gX9tkL5njRax8ymWcXARi	Unholy (feat. Kim Petras)	1
0gZau2nRsooGhfgul60N4l	Upside Down 2020	5
0gbWx46O7msHBOfp6fYSkk	Noël 2020	1
0gr5OmB74UhoANEXwYT3gE	Dreamers [Music from the FIFA World Cup Qatar 2022 Official Soundtrack]	1
0h5MuD9O9o1VoN07mQmwMQ	Super Freaky Girl	1
0hCaA5SF1Xolv0hBJVUuPa	VSQ Performs the Hits of 2021, Vol. 2	2
0iNcwBiwjpinBvtyitOT2b	2020 Klips 3	1
0ix3XtPV1LwmZADsprKxcp	Don't Start Now	1
0jOymIlCcZuGn4XQAqXCMK	Dancehall Fire Burning 2020	1
0jtH6x8bEqEUmaZV1JRFbd	Blanca Navi Pop Vol. 3	1
0kmBEk4CbklFQljNVMbpqL	LOS Exitos DEL REY 2020	1
0kmPn6M3cue7rec6Unw6BD	You Will Never Know Why (2021 Remaster)	12
0kxA9Bc8pamypR5GYXmeti	Sniper Gang Presents Syko Bob & Snapkatt: Nightmare Babies	1
0lCvikSjJ1QwvHRTfDEs16	Teenage Dirtbag 2020 / Mope	1
0lbcMwB2RV0ehFpxEh1nF0	Mithril Oreder: The Mixtape, Vol. 1	1
0lmJEZhx8vrq0MjJSvQBDJ	2020中国好声音第3期	2
0mFH7N9HhSCzJ7Kd0qW29e	The Genius of Aretha Franklin	1
0mhRA2LPy9Peh9DQqov78D	EURODANCER 2020	1
0oEsQwXJhNbbb8VT0xOMok	STAYING ALIVE (feat. Drake & Lil Baby)	1
0oQONSjTzixbIQgGMqQfa7	2021 (umru remix)	1
0oofioVRjS31kC0nM7UvHG	beautiful garbage (20th Anniversary / Deluxe)	1
0p5mV0kuREHXYuE2YFDnZp	Ft2020	1
0pDJt9M0HWkIs4vrTK6aC6	All Things Must Pass (50th Anniversary/Super Deluxe)	15
0pVnYtp3cKrmhAqiGPcXHa	2021-2029 Women’s Development Program Compulsory Floor Exercise (Music for Competition)	2
0pcyE5m2GWpW8CsYv0BiMk	Werewolves of Armenia (New Version 2020)	1
0rBWruvTdQxHpw4wX9ljvC	戀曲2020	1
0sQp4wqdDLRwkir01nrBVj	Mad About You (The Voice Australia 2021 / Grand Finalist Original)	1
0tXr0SmQolM5vwKGFcTL7T	2020	1
0tfWJ0hFg7PMacPvSYjwGV	Gay Anthems 2021	1
0tpCN1hiNWDyBQTbYUoMnq	Lola Versus Powerman and the Moneygoround, Pt. 1 (Deluxe)	1
0u0CJa9zwFbGSU8JWQYS5G	Love Will Tear Us Apart	3
0v1DRRYBXYg1uVN1CIsyy0	The Rarities	1
0v7y1SVAWHNYoOWmwgCkWn	Pero a tu lado 2020	1
0vs9BT8XmF30O17gQ3mJcJ	Christmas 2020	1
0x4P3OHau9Y8JBYgt2lgCr	2020	1
0xXKtxOYqLBTjcefyh8Oz8	You Make It Feel Like Christmas (Deluxe Edition - 2020)	3
0xkKzTdvWzS8DA4hzyQijn	Let It Snow 2022	39
0y9J1ZRbq8HJBM3N0hrMX3	Neujahrskonzert 2020 / New Year's Concert 2020 / Concert du Nouvel An 2020	1
0yDyYd7bcMIQ8PDjr7L0ju	2021	1
0yMfP67Ta5cf9sQNnxdEUR	Dubmission (Original Edit)	1
0zR5MvLOfhpjBjrgnnUrpX	Burn Bright	2
0zTNkegAjfYgBJQzbzWpEj	BAKU	1
0zmQgLG5mIRrkHBGsx11VW	Dinner Pop 2020	1
10CEe5Hjg0iHasl8Z2DbSa	2020 AD	1
10orEhULEa7jKh1UyEw2sD	IWA 2020 (remix)	1
1164QDi9CiftjLg0ecvooW	U.U.F.O.	2
11HM6Bh33f02veTCxKm42q	Homesick	1
12UJqG1lSNcLsvqU2xkLGz	MMJ Live Vol. 2: Chicago 2021	4
12etpmMvVYThaqygVi0UKE	Get That Feeling, Vol. I	1
12wZUFIsldyDhaPneJX9iU	Satanic Prostitute	1
1347WznlDpcPegnS7dSi3c	Will Stetson's Halloweeen 2022	1
13N7JjBSjtRhNZwf6FpsLn	Undiscovered	6
13VOOTD4mkPZdwg0qJ2YCs	Pop of the 2000s: Celebrating Pride 2021	1
13VswLN6aR21TxQPNMbJdo	Miami (Remastered 2020)	7
14FGilar8X2PCvelbjX4tZ	no future	1
14LxwpAPXrY2RrfZoiAIZu	Fire of Love (Remastered 2020)	7
14iDwilySW50YWUj90wNUh	2021	1
151w1FgRZfnKZA9FEcg9Z3	Midnights	1
15ecQWOUGMYCUt1YydvMPy	Tökkö Temples	1
16NHNs15w1bpkFiBOUgDaB	7G	1
16RDmf5uQgqZ7GgEA1nyK9	KIDZ BOP Party Playlist!	1
16dTxlVSSt7rnE9MWDP5HI	Physical (Remastered 2021)	1
16vwSCKg3gEM135dvvZfrQ	Blue Skies (2020 Version)	1
170JimhdaR5ThyVbcgxraG	20220317	1
17N4GWA2AovFWWFbw9w8i8	Samuel L Gramz	1
17ViKKpLueT54sAZuAUyPg	Piano Chillout: 22 Relaxing Classical Themes	1
17eA7o5OCkQfN6J1hAjizF	R&B Party 2021	1
17z7tsbs0gZi7ASeae9saS	Spotify Singles	1
18YWp9F7KWU8cYFSA7o80m	Christmas 2022 Songs	15
190mx69I84SdkKTaLIPzAB	Dolce Vita (Original Remastered Version 2020)	1
1A3nVEWRJ8yvlPzawHI1pQ	Father of the Bride	1
1APy0Xh9aHsZtYKCu6rZaW	Natale Canzoni in famiglia 2022	10
1ATL5GLyefJaxhQzSPVrLX	Scorpion	1
1AZjTOqvw2ZogWZxnDlhEN	Welcome To The Madhouse (Deluxe)	1
1Aso2C5PM1FFi4cWFg5g1R	2022	1
1B6cXUEPxZh45FoR32FP1e	2021	1
1B7uQCvD30tJVF3O5pQw6Z	Merry Christmas 2022	20
1BdxbYp1FaNejpDgtDo25V	Let It Be (Super Deluxe)	13
1BiIxFvKbbn2rvhvzmQ2Uc	TANK! Virtual Session 2020	1
1CQokIIExg6TtFQ37Z1evY	January 30, 2020: Spitzer - Final Voyage	1
1CfE9d9mHqwcmB2BaC4XY9	2021	1
1CjOmVzNYSBWDmsREgvHQ6	2021	1
1CyqOBybZDavLhyDX7Mnc2	Still Grinding 3 (Relit)	1
1DbHFCl4DYYi58SI3NCBwh	Judy Garland: Recordings from the M-G-M Films (Motion Picture Soundtrack Anthology)	1
1Dc4LQV7hb8Epez1YbJwC5	2021 Never Ending Christmas Carols vol. 1	1
1EZfwQAiiaD4scPC02mW2Y	Kansas City Chiefs Anthem 2020	1
1F93BXPeAqp6Z5SMvJTUwY	Party Bangers 2020	1
1FCTiTdPsPjOwMvdQYhd3X	2021	1
1Fp478AmKwBqir62ZIcbwB	2021 Freestyle (Live from The Pergola)	1
1G9c6leU4bHyMmj3FD0ih8	2021	1
1GEqryytwd3qAXVTiHkYfO	2020	1
1GN5bmca3zJcBvfI1tOD2J	Champion (Summer 2021 LEC Playoffs Anthem)	1
1HAKSvo3EbyOKQITjYYURc	2021 Freestyle - GC PRESENTS	1
1HY8dbCPw5iKodHCdvDh8s	Way Maker (Live From Passion 2020)	1
1IR2nlwX6YVTXXeu2qzoWO	If I Know Me	1
1ImsGt472CJ94mpXgCauD3	Tik Tik Songs 2020	2
1JsySWOa2RchsBB2N4313v	Chilombo (Deluxe)	2
1KJTiYUkNvuW6PVDLgQPzc	Unspoken Words	1
1KNMCqAvG8i8pCi3eq9Bpq	2021中国好声音 第1期	1
1KhNxgW2IGWmWcCSj1oziN	Resurrection	1
1MmVkhiwTH0BkNOU3nw5d3	Hot Pink	3
1MqqlepmL1jvjpmobiTPuy	Brightside (Remastered 2021)	1
1NZhmebkJhc5khghkPyfJs	2021	16
1NiW9AGYSJxtCQSz9ky5am	Promo 2021	1
1NpQFOxBNDvzMs36mAUfTA	Young Pop Renegades 2021: Origin	3
1NuMT4hng0MKJpQ0dXgtE8	Life On Mars? (Live At A Bowie Celebration 2021)	1
1O83B5W5JotBgP91GYh4xK	Roger, Miller Lite and Me (Live at Brooklyn Bowl, Nashville, 2021)	1
1OZTBqJE3BGlga6HmYGSrA	midnight crusin' (2020 Remaster)	2
1OnzqJTL9bwe4kvaLxRYxt	Kiss Me More (feat. SZA)	1
1Ow8exCwrgZjMEyKo53sKV	Songs from the Kitchen Disco: Sophie Ellis-Bextor's Greatest Hits	1
1P85sXYjErtHkvyh2hVuHe	最高级自律	1
1Q6uvKGqYq1PBMfOchBkps	The Ultimate Christmas Party Playlist 2022	19
1RmTON4kigdiNdZV2qwO7A	Faith Alone 2020	1
1Rmw6fdMlcj6KdNU1I9qnk	Complicated (The Voice Australia 2021 Performance / Live)	1
1SSXLsNfuXPjz3f2i0Emop	Sweet Karma Compilation 2020	1
1Sag6cSdteNaOkrdug2wad	Summer's End 2021	14
1Sf8GsXG32t0jNrX11xqWx	JACKBOYS	1
1SfA0H357thgwx3buXvRDY	Nightmare Parade 2020s	1
1U0neU1K7zMAtqjV1LeyrB	Japanese Zen Garden 2021 (Peaceful Music, Calming Meditation Music)	2
1UB4NCU2ItimXD5VPqsxW2	Navidad 2021	1
1UKMpoHAZlywEwEQFs46wj	Pop Christmas 2022	1
1UlHE5grpMvpxOxccsNCFD	Head & Heart (The Voice Australia 2021 Performance / Live)	1
1UqfVKRwKsOqyxIbgA4iAy	Quien Contra Mi 2	2
1Us8ogvoRbdISewY69UE43	Harper Valley P.T.A. (Sun Records 70th / Remastered 2022)	1
1VD6equrS2CJsy0HM6TBNw	Gigi D'Agostino - I'll Fly With You	1
1VOhPUbeBEPTgQ5QtuxnAJ	"BLP2020 ""King of the Night"""	2
1WELnoLbD0VAAg1HvI3VbC	Michigan Boy Boat	1
1WRiN6skJPCcnoP99a0oIQ	2022 Freestyle	1
1WVE15Kgqj3gDfTnD1z0dy	A Smoky Mountain Christmas	1
1YF1hAfo9oDDOiWDTPK7jX	Floral LP	1
1YXwrAlYs2tCaOuB8EevWo	Mothers Day 2021	1
1YgekJJTEueWDaMr7BYqPk	An Evening With Silk Sonic	1
1Ym5QjTDUNg9xx6fZXDMHd	The Experiment	1
1YnYdZrfgtie2NvTsNUAIQ	Heartbroken 2022	1
1Z2ahtrFLU9YzyO0j2sX0p	2020	1
1ZSeCCZPerS6Rj7DGI8y6C	7 Rings (The Voice Australia 2021 Performance / Live)	1
1ZfJoIH7xVP4DvFy2roaN9	Best of 2022	1
1ajnGNtwwT0jwpOhDWHZzt	Sad Songs for Dirty Lovers (2021 Remaster)	1
1b9RjoKhEo4jZtS3v7aALc	Halloween Jams 2020	1
1bBcT6TlDJlof1zgYYrwWs	MPC 2021	1
1bOwFAO482hQh9S7AmsjFs	TikTok Hits 2020, Vol. 2	1
1bS4BIVXjMHLKiXACM7GT6	Bombsquad	1
1bZqhv040Y3fgBmAsmVhx8	Teaser And The Firecat (Deluxe)	1
1bdDfDXBhrMZQZqLDbmGdL	Come On Closer (2020 Remaster)	1
1c6Rxz4kmp2XukLDzVDjzE	Vaporwave for China (2020 Remaster)	2
1cv5sABbn4uWoLRcw7Twjo	破繭(《鬥羅大陸》動畫2020年新主題曲)	1
1d0uBY1kZF18Y3dRwCzafa	Hits 2021 (Mashup)	1
1dgcK9qmKNIRMybF573aWn	Canta con pasión	1
1dyaVG9mr6sHveJI0RWaUT	PDE	1
1eAThXscX1g21VKKD6FFLe	Gaming Music 2020	6
1eVrpJbHRLBbioB9sb5b94	LIVE LIFE FAST	1
1f1FZY6umYJbvCkZkWFW5d	The Late, Late Show (Remastered 2021)	1
1fGsNOh8B2mIN9KQ8Jt7gh	Immortality EP	1
1fjNBIqZR5KdIMrLc6fD1b	Eating Ass 2020	1
1gDTTn1hrIVJ1Cs1e2vtqr	Can't You Feel How that Sounds (Live at Brooklyn Bowl, Nashville, 2021)	1
1gkfQTF2f9Iv7y7efKb32M	The Devil’s Bris (2020 Remastered)	1
1hCsmE1iDqSxAlqCeHvrQz	6/18/2020	1
1hOU3shHZwl08nsq1LDAJP	Mulan (Original Motion Picture Soundtrack)	1
1hPhdZ4JmfH24NM6Qurxd7	Dreaming of Christmas	1
1hXyNbPKPWtswRAiWHBrmr	2022	1
1hxbQpGRFTw1EQxAcVdv40	PsyOps - 2020	1
1isDHhy7rAbuE9koc6P3G1	Interview	1
1j7umFpzCWkkjLFJVQBObO	Resistiré	1
1j8DIcyDZEQylwnLgbULTv	Wintermärchen 2022	10
1jSPxsZxhRpRphIkAUeUHI	Summer Hits 2000-2021	1
1jbn7zl7vB1d8RTOFYJw0u	El Cuarto	1
1jvT4Qd5XX0D3VEEX9IAam	Mi Niña Bonita (Remastered 2020 / 10 Anniversary)	1
1k9USMUU72nuGK2xivxEWd	Weird: The Al Yankovic Story - Original Soundtrack	2
1ktmBAaIHHWl7nzqXuvc6Z	NRG 444	1
1luEfLZwZVuzEs6nbaVKMw	Let It Snow (feat. Brian McKnight) [2020 Holiday Edition]	1
1m0EmJmbm0aJSAWJ6JM1H1	2020	1
1m1e8oPtefKc1RnXwnljXL	Year of the Cat (45th Anniversary Deluxe Edition)	1
1m5zV7Mqtv7iHBGu6yoH1K	I Love My 2020s Hip Hop	1
1nAQbHeOWTfQzbOoFrvndW	Planet Her	1
1nFB8QplQIMAW7WavViN9B	Buena Vista Social Club (25th Anniversary Edition)	5
1nGxSALyfv0Wq8CWZpIVnZ	God, Family, Country (Deluxe Edition)	5
1ncOWP1xX228LAUpVkFAEt	December 2021 Samples (instrumentals)	1
1nnC02B9bhYh6IVFOoij0k	Use Your Illusion (Super Deluxe)	30
1oKYKiAwR31eJvkRwpQVrb	Bye Bye	1
1okjHbjdClfGIrDQT3Vn7W	Tres Semanas (Remastered 2021)	1
1pCA38N6MkLlthXtAOvZTU	JORDI (Deluxe)	1
1pPsslUdE1HeBxdlgXJ7Yp	First Under The Wire (Remastered 2022)	2
1pRY36LiSRq5oBwdrLKrF2	Dr. Feelgood (2021 - Remaster)	2
1pVDyIhEeVDBQjZYO67ytl	KIDZ BOP 2022	11
1q10vshamawffW6KdcKDU0	Chhath Pooja Special - Non Stop Chhath Pooja Geet 2020	1
1qFdIBUS7r0xBtXlkkswNI	Gone Away	1
1qbP9NQsYEzmYV7dL8p2fL	Mob Rules (Deluxe Edition)	1
1rG2WuBiz8wes6jlLbAco7	Year In Review	1
1ra6iiwKoDqywxmci6Jff0	The Roaring 2020s	1
1rqx39AXQ1QOU2d7aVjaTW	2022	1
1sMOVQA0CuRIWvD5XKgVLn	The Best J-Pop 2022	1
1sOcokaXUekigKIFqxAnTJ	Safety 2020 (feat. Chris Brown, Afro B & DJ Snake)	1
1sqfSss6XjCGGPxNE9Kdbi	2-7-20	1
1tB5rBaS39pf3cL6Qq86Oo	Calor (Remix)	1
1u3FdIq9SxXkcZBKhmF3Ta	Wall Art	1
1uhNDQ24SrZf0PyTzGaFv8	Spring Break 2022: Country Favourites	1
1ulbeAv0gZQqzxyPzp6pst	2022	1
1vOh66o0OlqSiWfkS98RXU	2020	1
1vpnlUGpwG9Ul9MjZH5Y8X	2022	1
1wwFAeMYR1ks8pjlz9lc07	Sad Lyrics 2020	1
1xhUY37oELTxeryRKpraAr	Johnny Manuel: The Complete Collection (The Voice Australia 2020)	1
1xoXJBrnKNs6xjWKmHbqKK	Life Cycle (2020 Remaster)	1
1xx5TFBW9TND9G32O3wKCt	El Camino (10th Anniversary Super Deluxe Edition)	4
1xxDQCspCHnyvX0ZktmjKs	Wild in the Streets (40th Anniversary Edition)	1
1xxlM3YU8jIyafDYGZvJET	Excision Subsidia Mix 2020	1
1z02WpEdAuImwfySk43owY	Moonwalking in Calabasas (feat. Blueface) [Remix]	1
1zB5sSjsWOYpFfI7R5qast	Lofi Hip Hop 2020	1
1zHR48K6XtWYm6bhrw4J6C	TAKE TIME	1
21gGTrgd9CZMSZzpCvR3OI	Talk That 2020	1
220mPytKBACFwCIC9Zw2qk	The Get Up!	18
2223f3QCtkOZfMoWfL4POv	Bella Taylor Smith: The Complete Collection (The Voice Australia 2021)	1
22BtZeG6Kq2VvQVlZCgCAG	Use Your Illusion II (Deluxe Edition)	14
23A1VrlL0AyJkv6OpZofNy	Kiss Me	1
23UAHj0aCS6hTsEcV2hDaW	Holiday 2020	2
23jPuEGchD65GA5PGJRwJo	Serú Girán (Remasterizado 2021)	1
24RyjePRpt7TWooJwAOQm6	Buone Feste di Natale 2022	17
24SZWLzJpd7PE0gsUqMlY6	This Is Aperture (Remastered 2021)	1
24zJ971KULX5GmXxLB9s3k	2020	1
25iNReeBDgJfG6Y09IzNoi	YABANİ	1
260iH4R6MRNcDQ79106Icv	lofi study 2021	5
261R6Hqp1kM5XyKm67JY99	Winter Vibes 2020	1
270o30h7cAlEhBnbuSpFZq	El Dorado	2
278z9UXJaMNDH9Bel9uAxV	The Motto	1
27Xyfe8YkDyah6W1nQeh2a	Christmas Carols 2020	1
27cx8eVCV4xMwJEYJNl1nw	folklore: the yeah I showed up at your party chapter	1
28Yv9BE6ZI6dccK0sxbEq4	Best Friend (feat. Doja Cat)	1
28zbY61jrjElCJNQaOvk6U	2020 Romántico Incurable/Un Loco Solitario	1
29eKkcG0la3dCgZtZFjGoH	I Go Out	1
2AHIOS6tXFaRRvtgTESZfa	Falling Stars (2022)	1
2AIzW79DYnQa1rmyiTa9nu	IMPOSTER	2
2AwLBhIOVNP9b8Jl3XkfWV	SOFT POP HITS 2020	1
2Bz5AK4aVIpEMbmhGwxBuO	Trap King 2	1
2CTkLis5kBXuDDk19Mxt3K	2020 KLIPS 3	1
2CjCpylLuz0ZB1LlxFfjKi	Driving Classics: Vivaldi	1
2ERin7nk77ndxa08NRPj21	2021	1
2F90unPwyFwCT7khOMGT2o	Metrobolist (aka The Man Who Sold The World) [2020 Mix]	1
2F9DjlC58tC1RQXs5Keny6	Bach - Colours of Classical	5
2FD6g8bXEn2uQMYbeqqoCg	Just Wanna Rock	1
2FQOokR6QNG9vvyD3ojmIU	Insomnia (2020)	1
2FRYCDqupjntIc6ZZzHzGE	Eponymous (Version 2021)	1
2FUgc2B3b1uRlTlzwVCak5	2021	1
2HCg0t5vDtFOMyO2dgqvl6	Live in St. Augustine	1
2HQ1QwLkpqd5Jn0u5oskim	this was 2022 the hits	6
2HV3jydrtlPP5QcltzokYd	Christmas Soul 2020	1
2HYy9PrbNx0FgMZj2xXXz6	Sad mood 2020	1
2Hao6BBoElsB9A3JFeSo9n	U-Void Synthesizer	1
2Hjcfw8zHN4dJDZJGOzLd6	MONTERO (Call Me By Your Name)	1
2HkhUcqiHsu4blTCD9GhDi	He Is Lord	1
2I39dJNuthB5jDJ6ijCaNz	Best Of Christmas Music	1
2ITsL1zjKu5TwIS2OJjA1T	Baby Syko 2021, Vol. 2	1
2JZIhYlfj3Z57D7kFb02tx	December 25, 2021: Webb Space Telescope - Launch	1
2KL4e8eYDNUDnq5Sn5ssPi	Neo Retro	1
2KbVvyDHllK9EBwZ8v3drD	Do What You Wanna Do (The Reflex Clubbed Up Revision 2021 - Shorter Edit)	1
2KrmgVOpoF1ra00AHYOkIc	Üdü wüdü (2020 Remastered Version)	1
2LTqBgZUH4EkDcj8hdkNjK	CHARLIE	1
2La2eFSTlRHHOOYL0DCFR9	Natale Classici 2022	12
2LrmOrBiTqaFvp5f7XYpB7	Disco Hits 2020	1
2LwWmLGcvLZF8fh2XOMqcV	Capodanno 2020 Party Time	1
2MiHjqEaMtjTKmellYg1ow	Gentle Predator [Deluxe Edition] (Remastered 2020)	4
2MwnJW31OVBG7hYWVg3rWK	KIDZ BOP Super POP!	1
2N8l2cxeIlx0LKzQGUGQjy	Infinito 2021, Vol.2	1
2O73SkNMW9TmjgMVgW8Q3j	Click Click Boom (2021 Version)	1
2OX50zzE7GvddGizIf5gHl	Banana Songs	1
2OaKNCKZuXKWqS9dKbO1XE	Halloween: Gyerekdalok 2021	1
2OgrwWldaQN2Y0obvp4HsW	2021 3pack	1
2Pn1Uu1oMOdo7uo6dBBFr2	Pon De Replay (2020 Edit)	1
2Q2By2VGyhgci1tt8IE9P9	2022	1
2QBrGbOI2g096IMzCHc4Ds	Let's Groove (2021 Radio Edit)	1
2QSYLN1SBz2ORw5YPvhv0t	2020	1
2QuHyvguNhl5kfdoE17RRe	Sign O' The Times	16
2RDHjxVUPxAJy927qgwiTM	Christmas 2022	15
2SFKqoZuBpOzhu4zcG9ATE	The Age of Love 2022	1
2SU52iW0DOKOem9v6ySKwb	2020 Freestyle	1
2SrfDomjaFJRUUS4ngZJJs	Early Cuts 2008 - 13 (Extended Version)	1
2StK9JcPGgn5ti2j9ad39G	TOKYO 2020/1995	1
2SvkUGRbWkrnsytUsINzf6	Good Luck Everybody	1
2TgLjrozwbkq1EUrmqeMd4	Quiet Music (35th Anniversary Remastered 3-Hour Collection)	1
2TjZ9rzQKvRqLnv3NkRr6i	Nonstop Party Mix 2021 Mashup	1
2UJ3Vp3Gw7muWmmrspvSqL	Facts (2021 Flow)	1
2UogfaYwiqMX31ZYVwI1Dr	Cyberpunk 2020	1
2V6NsSiH2Gl307v8YhKFqZ	202Ø	1
2VHFmIL3ctEvNUY3CvSUy7	Paradise - 2020 Remaster	1
2WIG7HcmxRBB9EL7hw6V6m	Eastside Struggle	1
2XA78l6T2geC3hfxcnOs6V	Nonnegative	1
2XAnbc4vo0QlhlMA2bOlFD	Sabotage (2021 Remaster)	7
2XXF6pODroMYQ3qPmXeMB1	Mona Bone Jakon (Remastered 2020)	3
2Y7fURPZCCr4iZIrM2S3dR	Lean Into It (30th Anniversary Edition)	4
2YfEwmpywZ9Ha1Bu0u12nI	Repaint My Mind, 2021	4
2Z8obYHLwLjNHoveX81UhI	Skin and Bones	1
2ZRDWdRvuUCokf2zbx4UxL	Your Power Will Pull Us Through (2020 Rocky Railway Theme Song)	1
2ZdeEP4Kla9NTIX28RnEKJ	Someday We Will Foresee Obstacles (20th Anniversary Edition)	1
2a1AHCq835BXUcX1aTTWqQ	Certified Hitmaker	1
2a8XiNKgs13ufOWWuBFwrx	Shars 2020	1
2b2GHWESCWEuHiCZ2Skedp	Calm Down (with Selena Gomez)	1
2bQ0kTxsytSq3EvqaZLFvo	Cumbias Exitos 2021	1
2bVtpllWwHsXq4fhsOXAvg	Wake up Alarm (Funny Minions Alarm 2020)	1
2cRhxqWTtQXw4Aa8mvEAk6	2020	1
2curEwD8ckaMZvZDSKJi6a	Little Bastards	1
2d9BCZeAAhiZWPpbX9aPCW	EL ÚLTIMO TOUR DEL MUNDO	1
2dKl4qgk9mp6IATdoN9N8s	2020 Vision	1
2dWCjJSJtCQj66tzMaxDib	Barock 2021 (Nesbrurussen)	1
2djxll6Pas1tvX1xE0u8fe	2020	1
2eE8BVirX9VF8Di9hD90iw	Come Home The Kids Miss You	1
2efKvYEy6AOyXCGifEcsRE	Greatest Hits 2020	1
2evSWmi3O8o6osjKe0HIRa	Jack The House EP (Deluxe)	1
2f6J1NyW337ECMvdx2KIhl	Bling Bling (2020 Remix)	1
2fAjK7HvzJuYO6sUDiBJAa	2021: A Hooch Odyssey	1
2fa6S64r2MKEECpx7LVqqq	Autumn Vibes 2021	1
2fbqebGEnlOg8WIE1NNAKq	Kivotos (2020 version)	1
2fyOpT5c9kxR8zbDh6UtXh	Save Your Tears (Remix)	1
2gOsQbi07TN9EkLv0kybkt	Destino Paraiso - 25th Anniversary Edition (Remastered)	1
2gVJD8TarqHF7as47HaGj8	El Fugitivo	1
2gqv6zNzjr45oWB9NkW2xd	2020 KLIPS 3	1
2hXkN4hk2lHAJZQc7QRuqE	Show Your Pride 2021	1
2hftqbjw8Ka5Z4TbawH8UP	Capodanno 2022 Dance Hits	28
2hh6Hro3neoVKgxuSt1arf	Capodanno 80's Party 2022	8
2htn8FDmtmIsiNaSrbzgDU	Tiny Music... Songs From The Vatican Gift Shop (Super Deluxe Edition) [2021 Remaster]	2
2hvCFY4DYaKzzkNYd60oS3	The Evolution of Tears	1
2iP3cOu2nxE9RzZsHPr9Ss	Ultimate Loopable Sounds Collection 2020	1
2iR2R1AJPBqRQEMZ5TnG0y	American Beauty (50th Anniversary Deluxe Edition)	10
2iWvhww92pyvjawibPHfyO	Transmute (Epigenesis)	1
2ibchdi4f76QUODNjMDy9C	2020	1
2iukCEPxsNeZYTT73pOBBx	Minecraft Songs 2020	1
2jM3hSRUb1U55ok8ad85tb	Weihnachten 2020	1
2jW6OBa6ae1vToIJpDRrLv	2021	1
2jbgBVh5CUZ4kqyvwvLMbT	Bach - Cosy Classics	5
2jl246ubUVZoFZeIGiKQQb	Sleepwalk (New Stereo Mix 2021)	1
2jlyowwrLvyN28JGsu4or2	COLLECTION	2
2k5YAxjmAD3DmYtmlrY64p	Maxwell's Urban Hang Suite	12
2k9FuG5GyW61y2a0j4R3vP	Walt Disney Records The Legacy Collection: Aladdin	5
2kEHeUZMk5233sYuvw7oi8	Dragonmancer - 2021	1
2kZyqn4Cmr78D74K9TcO4K	THE ANXIETY	1
2lIRhytz2a9UnnVmRrpPCW	Sotto 'o sole (2021 Remaster)	1
2lp1TpGMpZZJAQe4m3DkR2	Invitation To Broadway (Remastered 2021)	2
2mk23aAiJ7KeuamEMJBXnW	Run To The Father (Deluxe)	1
2nYLTnpSY4SEc8j1Dk809C	DREAMS AND NIGHTMARES	1
2nhAtXeLgszdlYmg5ynPFH	Harmonica Andromeda	1
2nkto6YNI4rUYTLqEwWJ3o	Flower Boy	1
2o0ZnXk7TvRaQJCXVpIAiB	Low-key	1
2o6GuaSdpIBlZYJZxWYINu	Best Christmas Hits Ever	1
2oAI75dtMqGiovv0Mota9w	2022	1
2ogiazbrNEx0kQHGl5ZBTQ	WAP (feat. Megan Thee Stallion)	1
2p9gK2BcdrloHNJwarc9gc	death bed (coffee for your head)	1
2pqdSWeJVsXAhHFuVLzuA8	As It Was	1
2prSTyweZ4v2FCJmRzHn6P	2022	1
2q5FE0HvayCsZ0iz2CBjIp	Idiot Prayer (Nick Cave Alone at Alexandra Palace)	1
2qJw6w5XwQO0PQlSWPu7Tw	Chosen	1
2qmOZkgZM2sWiVFirnx1RU	Landon Austin and Friends: Covers (October 2020) [Acoustic]	1
2rHAPk1i7aP1MDG1DMTDyf	Lofi Temple, Vol. 11	1
2sXLqJZI9hraRNOdAYBtdK	Melatonin High (Rework 2021)	1
2t6M7HjXueQfUFDIjQhPEG	Living For The Moment (2020 Remix)	1
2t854qGhoyOUtILmJfn812	Still Grinding 3 (Re-Lit)	1
2tawQhSOBEJ4MQm1ZN6knB	Chillhop Essentials Winter 2020	1
2uKoZMZW6vohzkd5lnYeJ4	Machine (20th Anniversary Edition) [2022 Remaster]	1
2vGU0DOcfsDee0euvhl1iZ	B4 The Storm	1
2xy9XcLHqQNrVXeVPflwCx	Hits 2021	1
2y1AfhFTokE1bObd4Dcakg	Diamantina Cocktail (Remastered 2022)	1
2y8abixX1nWPRYdEkLDK4k	The Second (Hitman 2 Song 2021 Remaster)	1
2y9DFhTWC7QQJMvygK0TzO	Buy Dirt	2
2yApvdfgG74FlAW2L4tlTW	I SAY MAMAMOO : THE BEST	9
2z0W2lbs3px0GaR8o7Ssxi	2020 Vision	1
2z4bBahJ4LTkHoQGorSpqj	Young Veterans	1
2zMtXfGkXIlc3dWXxHmSEX	Cinema	1
302yHlLozACyot1XwKb5Oq	I Love It (feat. Charli XCX) [I Don’t Care 2022 Re-Edit]	1
30D1d85Z8DtNZQHE4z8Amz	love, phonk, why z music (2021)	1
30PoY1KGLDKYIZzShg2zCt	Iron 2021	1
30hjQn1MkKIEfd6qjkZKbS	Clover	1
31VcyRZBtFEzq8pLEMco5A	Fría	1
31s5CRYvua6xU9c2n7H8PJ	I Built A Friend (2020)	2
31wLzYDAzz7bHSVnopz1Nv	Arhbo [Music from the FIFA World Cup Qatar 2022 Official Soundtrack]	2
324FMsSxT6xzdCsWT2losu	Bach - Winter Nights	5
32G4vFNwLJQjpzkOoGEUUo	Miss You	1
32iAEBstCjauDhyKpGjTuq	=	3
337FIRdreM3p4irs8hrMsX	Vai mo' (2021 Remaster)	1
33HYdYXXadqsdZ1NsYmS6o	Use Your Illusion I (Deluxe Edition)	16
33Tinkyhfj60QVXtZIArYJ	Pepas (David Guetta Remix - Radio Edit)	1
33fCdCpfYPNCwPjjSs7AX5	450 Degrees Incendiary Bliss	3
33oSpTnVlOvjODoph9vv3u	Dear Secret (2nd edition)	1
33tq7mzFDfdqc5riRJEnDi	No Boys No Problem	1
34UNtRfpV9uOWtCXm6WLUH	2021	1
34ra2lYORSjzzupmCDKz46	ENTROPÍA	1
34uLoH6OJ1PgGcTpwiB0AO	Canndemic 2021	1
35DIb6j45YmbHAfyN7HgaG	Lofi Fruits Music 2021	111
35b1xfyq61Ql7fEcFC3IDl	2020 Vision	1
35u7IKBpYEhxpKO86BVZmn	Faces (2020 Remaster)	1
37U2410qcABR9s2w7UDldg	Subliminal Miami 2020 (Mixed by Erick Morillo)	1
37qqmsQVOHPJWIEKpZmfax	Happiness Does Not Wait (2021 Version)	1
38yl5SWs2cfWXCHJPAy7oF	New Leaf	1
393QpUdoGU8jMCJgF4s99B	Atura o Baile (The World Is Yours To Take) [Funk Remix / Budweiser Anthem Of The FIFA World Cup 2022]	1
39ljn2AWxLp0vYrSQqDqgy	2021 Top 10 Worship Songs	1
39uIXJh4b2dmXd1oDRxGTQ	Fancy Like (Yeah we fancy like Applebee's on a date night)	1
39xhYyNNDatQtgKw2KdXMz	THE GOAT	1
3A7233EKpt8yvn47QJ6Kko	The Coming (25th Anniversary Super Deluxe Edition)	1
3AipZTknRT2FNrt58dMZax	Weihnachtsmusik 2022	37
3Bwkxb1PPKKBK9ZRpBhsZ9	Endless Chase: 2020 Singles	1
3CAwQf7FEayeoRQLIPASfZ	Quarantine Work-Tapes, Vol. 1	1
3CF5rO3WYfDEPALkRoIMrs	Live At Hamer Hall	1
3Dw1TEICJ3NEKmSgzQ3pcf	Upside Down 2020	1
3DwfU3i2PIlyzFKOniqlhz	2021最美的夜bilibili晚会 (Live)	1
3DzDcl3TuO1Mv65Xg72XMn	2020	1
3EDkfhOgDMMoevtm6GkP7H	Un Encuentro (Remastered 2020)	2
3EFhsxrJoH3yE3r8bHheE6	Grave Dancers Union (2022 Remaster)	3
3EcJZn1XbmcgTnWC2o9V3g	2020	2
3F3illSUdMEOECbU7HKRG8	All Things Must Pass (2020 Mix)	1
3F4cHaIJDFBWdTdlZPGRmO	Flaming Pie (Archive Collection)	6
3F60OIKPybpayFEplT0qmW	2020	1
3FEQZNn34v3EdxrVKi9pZF	Betty (Get Money)	1
3FKwVYsfaB2XWO4anB4LeC	Longest Year (2020)	1
3FVx8KyZez2FCz3UQemuG0	Valentin-napi Retro Válogatás 2021	1
3FbvOs8DhVcYAhXOHg2YY2	Strange Days, Long Nights	1
3GgJitDFptAacD6p2jLGj3	On Sight 2020	1
3HHNR44YbP7XogMVwzbodx	Twelve Carat Toothache	2
3Hc5JxlI7d6rXi8Z6gjMwk	Toulouse (2020 Edit)	1
3HgoCO9wWuPcNhz8Ip4C46	‘The ReVe Festival 2022 - Feel My Rhythm’	4
3HmI6KMwS5to2IzuQUW1mm	2020 Reworked	1
3HuXseIKWFC5Pwg0oMuNFT	VSQ Performs Lana Del Rey	1
3IWhmvo4L3HhMzGTFZ1mXX	2021.11.21 Denver, CO	6
3JOCLW8MS0pmqGCDisF0e8	The Very Best Of The Beach Boys: Sounds Of Summer (Expanded Edition Super Deluxe)	2
3JjrGvMXIbkePKUC4YhIb2	2020 Best: Recharge, Sleep, and Feel Well with White Noise	3
3KZ90mieOEXuBAO8EODI34	Beethoven: Piano Sonata No. 28 in A Major, Op. 101: III. Langsam und sehnsuchtsvoll. Adagio ma non troppo, con affetto (Recorded 2021-2)	1
3Ks0eeH0GWpY4AU20D5HPD	Gemini Rights	1
3Lqn8M0QxPLIPRJ4nUKTGN	Love Angel Music Baby (Deluxe Version)	1
3Lt1ZmZ7qG44cDWBfkYR9c	Best Picture Awards 2021	1
3MEKpJ7wSSp6Z661ThjrUJ	Destined 2 Win	2
3MNvfg19MJsXCQ0I3WVdkm	All The Right Reasons (15th Anniversary Expanded Edition)	15
3MRWqWJIMs9ySiM909xwpQ	Sunrise Music 2020	1
3MRZ3T8TutKAlQK0d7mqho	Evangelion Finally	2
3MT204wX4tkeIqcyGHny6G	Selfish 2020	1
3MZH0Cvtpcxg0k0IxU2WYQ	Canyon Worship 2021	1
3NZ94nQbqimcu2i71qhc4f	BETWEEN 1&2	1
3OH9nnip9Hkdh6y9diTCGA	2020	1
3OImYWVZ7fSKYnpr7pMRiB	House Music 2021	1
3PgP9HIAfyoFYXaJbnXgNk	G-Nat!on: The Complete Collection (The Voice Australia 2021)	2
3Qxg5Ez4cVkRu4ITsDDgbD	2021 World Championship Theme	1
3R4dBLK8wftEANiYKucs6o	4our the World	1
3R5UKfbGpobsD4KHNbYReV	Use Your Illusion II	14
3RBDiTNxMfORg1PAcCn4XK	Greece 2021	2
3RWlnnrGMHsNWrgRXPUESk	Tattoo You (Super Deluxe)	1
3Re0pu9N5b7hvNTSDQu8y7	"Mi chaparrita ""iberia"" 2021"	1
3SpBlxme9WbeQdI9kx7KAV	Certified Lover Boy	1
3TgFjPjxTUieaxKKJY8J3r	ART Оборона	1
3TlEGcbneZP4tE2V0dn1em	Roar (Live From Passion 2020)	12
3U1Vm0GvTo1qjc42WTDNT9	Butterfly 2021	1
3UMmJKieZ77b2nTaNDVslT	我不想別離 (劇集 “陀槍師姐2021” 主題曲)	1
3UVwoKRi4ksnF8Ir2MnEFj	LUPIN THE THIRD PART 6 Original Soundtrack 1 『LUPIN THE THIRD PART6~LONDON』	1
3Ui0xzVmKgfphMEQpgs9e0	Too Fast For Love (2021 - Remaster)	2
3Ul8Nyuzr2AEwE8iSrQepC	Now	10
3VW8HUVgD1MGUDsAWH3Rtu	2020	1
3VWBycXYYJ0dWlIcCz3By1	2020: El Año Que Se Detuvo el Tiempo	1
3VciEd9HXUN88TGVFQCzQH	20202020	1
3Vsbl0diFGw8HNSjG8ue9m	Romance	1
3VzaX0xFHyhSWJoLtRwi8w	Time Exposure (Remastered 2022)	2
3W2YH6i1ioXaS46nUkS7lB	Déjà Vu (50th Anniversary Deluxe Edition)	1
3W8AXuHbge4JtOzjhmLIpo	敢傻敢衝	1
3WvHmWMs7P3k2HKkZjRfNJ	Times Change but the Memories Never Will	1
3Xa521oq3BPNlL3xgquIef	2021 in 21 MEMES (in 2:21)	1
3XoK5Dz1cSeeRi5bbO2Gbt	Truth About You	1
3YVVTqaqN3K25E3sOpHJwf	2020	1
3YkvKqJyYAiFaBbpQPDyiw	Ecstasy In The Palace	1
3ZAMCntYA52JaM4XvSWVZc	Essential Classics, Vol. 11: Gene Kelly (Remastered 2022)	1
3ZJSoxsPMkNC9eb6gUn0Q8	STELLA & STEVE	1
3Zt6FgtY0bWuJ7O84xGPHK	Top Latin Songs 2021	1
3Zx1ups2lvkCmbX7kiccFv	Hunters Lullaby 2020	1
3aq7whJpYQjC5m2GGENivF	pop songs 2020	2
3auY1NCpgqrHt2Pn4c43Rm	Time After Time (From The McDonald’s Christmas Advert 2021)	1
3bHgx3N5jB6ytS7i7I7t8M	Hardstyle The Annual 2023	1
3bleVECMZl4WI7OyjtFV2e	门的另一端(游戏《原神》2021生日会同人曲)	1
3bmPcvwBlaFI9KrIdgSuGP	October 2021 Trending Hits	1
3bxxma5xoyxqMaE3l4YHl5	Star Guardian 2022 (Official Orchestral Theme)	1
3c25945Jrg4eHE9wheHrhM	Vole (Version 2020)	1
3cKu0ch1I9c8L8JdLgMtwM	Wanna Go Outside Again (2021 Version)	1
3cf4iSSKd8ffTncbtKljXw	Honestly, Nevermind	1
3d0hyN4pdQHHkfQvsttA8q	2022	1
3d2KbmqejpYTVz5YhXyyPV	2021	1
3dU31hUC2CEI1yKSNaH0f1	Goodbye (She Quietly Says) / Watertown [2022 Mix]	2
3dn2in6doTc6zfA0G2UFDZ	2021 Winter SMTOWN : SMCU EXPRESS	2
3dnbszSWuG7K4ol4UsLiWM	Prom 2021	1
3eWcXbAhQf8rniTQ7u2JDB	Estrellita De Madrugada (Ft. Daddy Yankee)	1
3eirCt4emzDisIrAI0GrtD	July 22, 2020: C / 2020 F3 - Comet Neowise	1
3euz4vS7ezKGnNSwgyvKcd	Positions	3
3fF9e74D7mJUFQdkfxtQu2	Yaaba (2021 Remastered Version)	1
3fNVrWvWbHyVR1IsmJkUQP	Capodanno 2022 successi italiani	9
3ffelm7tBuD6oAe3M8fdQd	GHOST (2020 Halloween+++++++++ VIP)	1
3fkcxlhEdqpXnP4b5Z4yWG	Ennio Morricone Remixes (2021 Remastered Version)	1
3frq9YlxBm3yQB4M0F34LD	Christmas Classics 2022	4
3fsvP3h44bpA7tCbIuO3Wt	Sexy Robot (2021 Remaster)	2
3gUB0USbJHuWqtvXSxsX9g	2020... Wrap It Up!	1
3gasfdY9NwSH3iR0KxEhfm	Remixed Vol. 1 (1985 – 2000)	1
3hIg0GfYkmgvjF9cr38d0V	Insane (1920)	1
3hgHmK71JKnsbmY46Q8WhP	the alternative 2022	16
3htdMDZm4WVcJjnUamhA9j	The Story's Not Over (Deluxe Edition)	3
3iOkLBZnbCHnxETTWE01SX	Canyon Worship 2020	1
3iWRmRghXrGibQlzqNkbLQ	the debut farewell album	1
3iguEpIxAxe9wnm9W5t0XE	Sin miedo 2020	1
3j1UzJ0ugZRkohos8bxPSj	2020	1
3jdOgsGCO9oztx1XMeEYMq	X-Mas Party 2022	3
3jq4Nwfz3kIAK1N2bfbRnz	All the Things She Said 2020 (Sub Sonik Remix)	1
3juG6u5kmrIdzbPEBu75xk	Monstercat - Best of 2020	1
3kD7Amqp76v5kdnRbx9881	スプートニク	1
3kMxm04sEdG5qzVA3ZOGmH	Grateful Dead (Skull & Roses) [50th Anniversary Expanded Edition] [Live]	2
3kehonQztenD0u318m715k	Melanie Faye EP	1
3lXzVOweM4kxVMxSq3Suyd	2020	1
3m5tsdLE4yPub7Um77Bobi	To Tell The Truth I Can't Believe We Got This Far EP	1
3mMWlBGocBwsS1Q0o9wvlc	Where the Light Is	1
3mc7YfYD6vojcREl0OA6Ly	Spring Breakers 2021	1
3meZKlpz3NCnfIJevxx78g	Namen Namen	1
3n8YnlhBK3hM3YwQAxOX00	Leaves from the Vine	1
3ng5VSbmPioTrHajoJgr4X	White Ladder (20th Anniversary Edition)	3
3pOnTmdYKH3eBxD9qThJMU	2020	1
3pXLbk4ZRI1A8yXYAaV4S1	Melim: Melhores do Meu 2020	2
3q19nHDy5syTZlXekcmYOG	2020 Crossing Hell 2021	2
3qRjN6rGaOXpJggBkSELzc	The Virtual Road – U2 Go Home: Live From Slane Castle Ireland EP (Remastered 2021)	2
3qkmmpbW57KdSEzrfiMDCT	Relaxing Piano Pop Covers 2022 (Vol.1)	1
3racQkM4APWSnc2cBPrqpL	Thoughtfully Reckless	2
3s3IaC3EFkzkSrooYGRnwq	2020 Christmas	1
3s5C5x17UMwQ3WE0nsS6af	Live at Brooklyn Bowl Nashville	1
3s6JvkRZ7DPCFqqu8ssOHm	Musica di Natale per bambini 2022	7
3sEKHdAwlCOwRymaRriRp6	Workout Music 2021	1
3sMj0uu8dKNRnyqQozC1Xv	SKZ2021	14
3t6Z2qoBVCS4NHNI25XECH	Bandit (with YoungBoy Never Broke Again)	1
3u48TN7Z0Q5QRH8Q7KVFUW	Covering the World (2021)	1
3usZ7im5mkX0BSZW4iQO2j	Space Groove - 2021	1
3vHxkAyC36Bi581ZUysCtZ	La Voce Del Padrone (Remastered)	2
3vWBXE54p5N7fTNgJgRpWV	Early Flashbacks 2022	2
3wr1hWL6eyUjhqULGy0oyK	2022	1
3x7xYMkpgXRjSjgtykeHY0	Girls, Girls, Girls (2021 - Remaster)	1
3x9AsCjjVZOASuU5KgG7yq	Lo Mas Beliko 2021	1
3xIwVbGJuAcovYIhzbLO3J	Toosie Slide	1
3y3zDwE8BWfron6iRNSSiM	ニウロマンティック~ロマン神経症~ (2021 Yoshinori Sunahara Remastering)	1
3yBGWWaHW84KgRGcYyUtr8	Short Stories	1
3yRkURQzmi5thkoveWSRrr	2021	1
404ZLa7DmqUyGCNp3dYvjH	Kinda Love (2021 Edit)	1
40EAQoKmxKHSrvCVdLqX5C	Best Of Christmas 2021	1
40py8Fn35TC6GnszSKccjZ	Past Lives	1
410tkx5NoHOwcJzVNp8CNT	Yearbook 2021	1
41ARjrCPZ3TPyMVm8DkSb9	On My Way (2020 Edit)	1
41GuZcammIkupMPKH2OJ6I	ASTROWORLD	1
41sYqKPEygmvQrLXKpzWJU	Gemini (Octave Remastered Series)	1
429H8WArFQsDuwiBdroCDr	TOKYO - WINTER MAGIC	1
43OGp2vvIfKKIT7fKYSvq5	2020	1
43gjv7pPlPUNcHN4DZ8ZHA	HANG OUT : HIPHOPPLAYA COMPILATION ALBUM 2021 Part 3	1
43wchossWHZNY8WQP5tTzy	Dmanic	1
44VxbAytHpVi3Rq8hRhild	Tea For The Tillerman (Remastered 2020)	11
44rCgxcyCycEQybZn793dz	Morrison Hotel (50th Anniversary Deluxe Edition)	2
4516sswM4dsA5aYO0tPYFk	Garden of Madness 2020 EP	1
45ZolRka5exOabNpGPfbTo	Diwata (Miss Universe Philippines 2021)	1
45wSbhD2EnSeJXMFfjAf0U	You're Welcome (Deluxe Edition)	1
46bAcmlRXxVnihvTco6WQ7	Emergency Room(2021)	1
472prwxruJU9j0L7BVy7Fq	Images du Futur	1
47Thm1tltjJVofuRumhfmi	Who is Nardo Wick?? (Deluxe)	1
47iZIYtSK2BZb3g1y4LV5y	Top Trending Romania - Vara 2022	1
47x2VZ9PPL965WbdyZmqWl	rebirth	1
48JNiMveicF2w21IrrdMcC	2022	1
48S3o5NzZATu2QSPeBLRlc	Summer Anthems 2021	1
48yneE49r3GUg2xZuohH5l	Play No Games 2020	1
49GBtPBC4TuXC7iJNMFbtL	2020	1
49SANqFzC6Z64X4ZgdYqzt	Resist (2021 Remaster)	1
49gTjOizSmEPbYnkqK3Dcc	Smile & Laughs	1
4A6BojfsBKKxS5M0bz6yrN	Winter's End 2021	12
4AdZV63ycxFLF6Hcol0QnB	Starboy	1
4BPqSw0Zt0I85xBQVF38KF	Blue Monday	1
4Baezws1jqRqlcven3w1oi	2022	1
4Bol7gm6DKDOYXbGJghEjT	Do All Dogs Go To Heaven	1
4CSnMaHO9HSOmpIYvS6lCY	Si Te Sabes (El TikTok Baila Junio 2021)	1
4CnAmH7lC1pdSGjN3vfahA	Top Christmas Songs 2022	2
4CoXAyGgEt2TjGLGeafmli	Valentine's Mashup 2021	1
4CryB3S4XCP4oS427lMhY1	I Still Believe (Original Motion Picture Soundtrack)	2
4DCIc6AsRGKdKLh2bDfQr0	Pure Acoustic 2022	1
4Da9F5PAFILkjmNmm81NZ3	Tik Tock Hits 2020	1
4DvUwAekSAB7Uo1ue07Kmp	2020 the Album	1
4Ehs1EjGAgTy91t2isGPqE	2022	1
4EiBojTExpeHfZthXxwxvT	2022	1
4FVq9ocUkaFA7VzpOY52UI	创造营2021第八期 (纯享版)	1
4H6TGSkjv4UlvA7WZc2xue	'2022' (Base De Trap)	1
4H7LOXCsQO72exd4LK9WR9	ボサノヴァ 2020 ・ ボサノバ&ジャズBGM、カフェ音楽、ジャズミュージック	1
4IBKtjVd7AqCy27G5kzmWU	Summer 2021 Anime Piano, Vol.1	1
4IRiXE5NROxknUSAUSjMoO	7 EP	2
4IqAFXnkQLJdrTCg56vGiC	Behind The Sun (2020 Anniversary Mixes)	1
4JApkbiesQxv5drdEZRlZC	About Damn Time	1
4JSAVsJOCKiUiEAiYrNWAx	Primal Energy (Defqon.1 2020 Anthem)	1
4JfHVHyLVWLfQzGoXixdsb	Twenty Twenty	2
4KHbrk7K0TOP6weuNURWwd	KIDS PARTY 2020	1
4KKRAmQ0ksj32l7mrgLOcF	Hey u x	1
4KQLETRe9JT8AGxHGPOBU8	Holy Smokes (2021 Version)	1
4KXCfZUR5WH1lu59ZM29gO	FAKE SWING	1
4L7D1h5x9eu6oUMMZxUTgN	Fuck You Bitch: All-Time Greatest Hits	10
4L9AVldyJCKBOjWLMZieW0	2020 Vision	7
4LS4w3gfUGH1WnpGcbUHhp	Creep (Very 2021 Rmx)	1
4LY1bHpq7A7V6neuH0Vh1f	Waking Up Is Hard To Do, 2019-2020	2
4M2OPnUO8R2vDvMNlgLj2B	Lockdown 2020	1
4MAZP6VqDLyDX9Qcyqe5Qq	Strawberry Moon	1
4MIkQYmaWXRXClxpvFYkqJ	Rap 2020	2
4MajX5vPeY4cX5pv6rf0sA	BILLIE EILISH.	1
4Mft3FkYzPHdWTmRW0yS1U	Hyperborea (Deluxe Version / Remastered 2020)	2
4NPX54YtocHqTOq6yXDEFM	Party Girl	1
4Ntxs5oZf821o1LnBVfrDf	2021	1
4O0noIPlmEkVFvyj7TOKpA	Actual Life 3 (January 1 - September 9 2022)	3
4OaMsk8VihZmMNIx8oYdoo	A State Of Trance Year Mix 2021 (Mixed by Armin van Buuren)	3
4OuJprWkPoAE8ib3UKpuMn	Autumn's End 2021	7
4PVJ7qxtrnxDzF3xVcSgeV	Kutt Dat Boy	1
4PfCpPh2Js7qGYnvT45xTz	We Will Rock You 2020	1
4Q0AS9bLzQKjrJYxOk3JT1	Lost Lands 2021 Mix	1
4Q0st7hPWvgZZ04okZcDDe	Christmas Jazz 2022	18
4QLAtpLNUsHEYrcHXmMIZZ	STAY (with Justin Bieber)	2
4QQWpCEX4BxMXwRQmtkKY6	Hold Me Closer	1
4RGkuFtybcFC5DrBSuqIMG	Por sus hijos (2021)	1
4RLIesiAVONV4fOUlOSmr4	This Year's Model (2021 Remaster)	10
4SH7vjSQBnXZhugcdj2ivz	The Awakening (2020 Edit)	1
4SO25UH7HeZSVGNzHhYiCJ	A Northern Star, A Perfect Stone (2021)	1
4SRNgOBun2q0nTM298VUqu	MONTAGEM - MELODIA ENVOLVENTEMENTE ENVOLVENTE 4 2021	1
4TCcau3EhDdiBdWWL89BFN	2022	1
4TJUrdwbeKC9qcouPlBuLe	How Will You Know If You Never Try	1
4TQU3oCffbM9K8aJBliUnJ	New Age Girl (2021 Edition)	1
4TW6r5GP0V1Ji1ZMnrlgDl	Spring 1 (2022)	1
4Te0AAKPUdWZD2BaVNN9iZ	Horangsuwolga(2021)	1
4TqgXMSSTwP3RCo3MMSR6t	Rain On Me (with Ariana Grande)	1
4UAflzkXm8xkKy1BbHaQQU	Blackened 2020	1
4UUd11yw8URsqpf8odYSw0	U got me fuk'd up (2021)	1
4Uv7QjKaAq1mFO7aYzk4Xc	Aston Martin Truck	1
4VOOjlHEBZ5NmhmSIFkoiW	2021	1
4VesjmJ98I1ibuI4zhk595	Piano Covers, Vol. 5 (Best of 2020)	1
4Xoq4gMGAvB7Zob3uHSwkJ	Waiting Still (2021 Remaster)	1
4Y3TDAf1jKhdithIywJKCb	We Are The People (feat. Bono & The Edge) [Official UEFA EURO 2020 Song]	1
4YLv1PG6JG55947HK6hZDd	You Say Run (UA Class of 2020 Edition)	2
4YcE7QAXGdAwhGvaBuPsQi	Perreo Post Punk (Megamix 2021)	1
4YyLN4oLmQqU9hnPYJgb2w	Trump 2020	1
4ZO52CTQ2EzwDmAIrFjHaW	In the Moment	1
4Ze7zZt2Y1d1uKeMtxRuBb	October 2021 Samples (Instrumentals)	1
4aPDMXB1iIG0ZTy9MkOMFb	2019 - 2021	21
4aqiOPHEEEKwGVE8DCnWzm	2020	1
4b50TZmLWKcvuMCr2FcxKp	2022	1
4b6kdfr1UwyIQ8wzUYnXwu	Everything is a Lot (2020 Remastered Version)	14
4bP1H8sP05Bvu4LB2RbyC2	Revolución De Amor (2020 Remasterizado)	3
4bPCfCVEImgTLUSaacPzQO	A Thousand Miles (The Voice Australia 2021 Performance / Live)	1
4bZJWQhHKJckFLJuYdvyX2	F*CK LOVE 3: OVER YOU	1
4bga9m78vaVd0aXbUpfcHa	Luminol	1
4c5bF6Y7O0j9tNYac8Zh6K	Best of 2021 Pop	1
4cAcTMGFjTBufC7Eu0FizU	Glitch Mode - The 2nd Album	1
4cGeS56Ah84oGQCluRW5qm	things i hope you don't remember	1
4d9DTKunJAsFL0g99ndvD0	2021	2
4dlBHjqNQvkOTnKTOVsUta	290520	1
4dmycXSxh1F9LGAVgB1plB	City On My Back	1
4fJzdpq6thfnDUW3czlBed	2020 Vision	1
4fd3Nnb4bn3rERllCnKFxR	Where Do We Go From Here	1
4ffgttI9dtiW8lWDJ8uM5i	2021	1
4fmZXEFdbC9sEmkcA7eaCJ	ALIGNMENT	1
4g1ZRSobMefqF6nelkgibi	Hollywood's Bleeding	3
4gIx52vEdijhx5WINMy5Zw	Yours Truly	1
4gfJzyy6rVitoB7kKBRHEY	This Is The Life! (Remastered 2021)	1
4hGBSFBJxqDFSLVhrsbZQS	Melody of Hope (2021 Version)	1
4he7R24eqd1EbF9kegiAK8	R&B: From Doo-Wop To Hip-Hop	1
4hlUznCGhZql7AKlitaPbj	Worlds Apart (Remastered 2021)	1
4hugSdHRGqBkJ3BDYcs7AW	ASGORE (2020 Remaster)	1
4i4ZLqZMhHqD3Wkl04yq4u	Thizzler Cypher 2022	2
4iBo6y2mmfk8cLKMFq0tco	Cenone di Capodanno 2022 Musica Classica	11
4ipuzaY6cQ9wKWCTLowf6M	2021中国好声音 第12期	1
4jTDjHLMFCHWrjuP1qmCf4	Giant Steps (60th Anniversary Super Deluxe Edition) [2020 Remaster]	5
4jtIVk2jR9sA9GeOiNCFTE	如果突然想起我 (《原神》游戏2022生日会同人曲)	1
4kJhEHkg1ggweXBa45GhPf	2022 World Championship Theme	1
4kPubs1oamtAmbfRUYv7vo	2021	1
4kY7Ar13EtCNAOv3wK44fH	10 Years Of The Vamps	1
4kox1q6DbU9HbIcFFDZGMs	Hits 2020 (Mashup)	1
4lfFgz2rD1irxf7dZhNJht	SEVENTEEN 4th Album 'Face the Sun'	1
4lzPJSvH3dGu37ZMFNCsbH	Summer Pool Party 2021	1
4m3LKjFymPkRQeST1KEbT0	Workingman's Dead (50th Anniversary Deluxe Edition)	1
4mFFAzJgZ9886aTrcJC62R	White Noise	1
4nmmkrRG4aFmEoC9Xq1Ogk	Way Back Home (2021)	1
4ns4vxdkk4PdkneLNfJL52	Theatre of Pain (2021 - Remaster)	2
4o55hAglt85Gr9mwtBB6BQ	2021	1
4oEVFKmJKkgmU0zKfq5sVC	Santa Baby - Christmas 2022	3
4odgU4XFiB5pxEKKqB9QJA	Tea For The Tillerman (Super Deluxe)	2
4p5ZooZFuENA3MXj1kb9eh	#Ysya2020 Vol. 1 - Una de Dos	1
4pBTWEqJxRK9TPIujLmKU8	Devotion 2020 (feat. Fafaq) [Will Sparks Remix]	1
4qq6UntPLtQDu2MYqiXFYT	RU116 (Cramp 2020 Mix)	1
4qs4gIDAq7bLIHHP3LgHWz	Novogodišnji Hitovi 2020	1
4qtMQSCoDtgCbqAcEZr6Mx	Money For Nothing (2022 Remaster)	1
4r4RPtmQBIHxmMrK7pwbyw	VSQ Performs the Hits of 2020, Vol. 2 (Deluxe Version)	2
4rJDvKExduE2en1zKodUrr	2020	1
4rXf2XGJt304bI0DYB1t11	Hitkidd For President: 2020	1
4rdNDT4cPFuktXX5VrL1Fs	2021	1
4tP5H1OaGnHN9PVK46gHyT	2020 Vision	1
4tRyMXoOGENdKI4tJGQXv5	Pride Month 2021	1
4u62Skf96wDjB5q0yiSjFb	Calling All the Monsters (2021 Version)	1
4uDaEWj8W206qyyyndHri9	2022 Tanging Ain't Dead Cypher	1
4uTOUYhLrGRKkfxfPKTkuy	Futsal Shuffle 2020	1
4uYDEL8OOTriIDvwNOp2T7	2020	1
4uZSQL82wMa2qQiL8fDJX7	2022	1
4vz5TGN9tFsBNzyTetm14y	Spring 2021 Anime Piano, Vol. 2	2
4w8a5Q0TQucy2yM9sNh0HZ	Cumbia Wepa Mix 2020 Solo Exitos	1
4wKULN8VD2WvlXfe2vCq5c	111	1
4wWi3uFdpNLF8rxJ1dBYrq	Vol. 4 (2021 Remaster)	11
4wmjQK0y7Z2OiJSpfZZ7u8	Me Metí En El Ruedo (En Vivo 2021)	1
4x41gTsgkdYoEZvBPPeVhi	Chinese New Year	1
4xBhHquccS3qY9WoXHyWmh	Fuck 2020	1
4y4K9qHavHcAZ33GM5JkIU	House Music 2021	2
4y6ZsYBoFDDvReW9ogJTiu	No Mud No Lotus (Remastered 2020)	2
4y77zrDMRkZznufMBScSal	Detox	1
4yKwChgdGpJzf2nn3nPHfP	Moral of the Story	1
4yP0hdKOZPNshxUOjY0cZj	After Hours	4
4yPty9Y7Gh4eFPn7D9YUwE	Drink the Sea (10 Year Anniversary Deluxe Edition)	2
4ysdhWlJQEhsCJDzkeixpz	Resonant Bodies	1
4yvHtnHqszvkpCrWmrKh23	ANIME CYPHER 2020	1
4zOhjJfe0dwqsNdDYk622E	Ride It	1
4zz35gXAZx6pxxMUvAExxI	Best of 2021 Medley: Stay / Driver's License / Easy on Me / Leave the Door Open / Butter	1
50316VRR1bnY5hOvKaXjJc	Phantasmagoria	1
50MzJhO0pMjTsfpeOmZ1so	Twelve Carat Toothache (Deluxe)	1
50Qe7C1lKGVWdVlDruGV6O	Lofi Sleep & Study Beats 2021	1
50WxZhqBCBlLQOVYriGXTe	Words (Remix 2020)	1
50qZgy9Rk3HlodIPhPRMso	FIESTA 2019 Y 2020	1
51BKPr5L8cGZGk9bl9Jf5L	Transmission	2
529zMk3qSjxKU7Zg6Axw34	2021 Por Mis Defectos / Mujer Infiel	1
52GG7Vkn6OvtAMJ05dwFHG	Good Day (2021)	1
52naLR1YTURdNtzwrbQQxu	Red Flu	1
52u4anZbHd6UInnmHRFzba	Please Excuse Me for Being Antisocial	3
53EavHlP15OcBrZdqJGcTK	Up The Smoke	1
53pQiwO7b1lqj3uLlx5yeW	Hot Shot 2020 (Deluxe Edition)	1
54Ij0Mlmyj4PQEo3IIgsI4	Here's To My Lady (Remastered 2021)	1
54KyGOuJWHAWGKUHQHJLUJ	Acoustic Christmas 2020 - Xmas Chill Acustic	1
54YHqWQXIdqqiLTBaJZ34l	All Night Long (All Night) [2020 Edit]	1
552BsahzJBDEGQnhrhNrvc	Beach 2021	1
553AxeAJUOTTCes94l0lx1	Bach - Moods	5
55K2df6HQPTMQUkQfum7ET	The Reawakening (Qlimax 2021 Anthem)	1
56IbjcT2BEWuVfId40XOBS	Fourplay (30th Anniversary Edition)	3
56bUDLsQUdL6CKrVTCTQFC	2020 DIvision	1
57N0woWwsqPA3DyLhcv8iW	Universal Heartbeat 2022	4
57On4WC4VZAEp62QGLeqI3	SMILE (Remastered 2022)	1
58HtgHgFGdffOpr8lx9QVU	Hits Rentrée 2021	1
58NXIEYqmq5dQHg9nV9duM	Dirt (2022 Remaster)	13
58cd90Jkrovggh556JPN9L	Do It To It	1
58ufpQsJ1DS5kq4hhzQDiI	Unorthodox Jukebox	2
59L3nO2nsUYHwL9j02G1N1	Secret (2020 Version)	1
59TQiawUy8mt9J4wgyz5GM	Money Money 2020 (U.S. PA Version)	2
5A9U77tiLhd25A9DYGs8EK	2022 my year fr	1
5AzF8NqqR1mL7H5aVDjwMM	Don't Come Outside, Vol. 3	1
5BN9XQDQIPGcMUx5ZOnSqV	2022	1
5BNrcvfbLyADks4RXPW7VP	Up	1
5BbDNvLAD0mTOk0vVc9gFi	Live from The Last Night of Tour	4
5BxVwEROHBH0O1i03JFDkt	2020	1
5C6ZgtAgXVs31Yma6MDP0K	The Ultimate Piano Covers of 2020 Pop Songs Vol.1	2
5CeGjVxZn9dEBaGGjjBiF3	Mega Éxcitos 2022	12
5ChL0vMcUxqhWpQ9HxZkg9	It's A Joy (We Happy Few Song 2021 Remaster)	1
5DdPAjSapWCcqxy54QlNXJ	We Are Irish Country Music 2020	1
5ECDOcNDEiaPU4lQaZp7Gz	pov: ur in the car with your dad	1
5EEfidbWdZNVnf8NptqvHJ	Christmas Party 2022	3
5FDJp2zdVJcqSymlHYvUgp	2020	1
5FfeOaCoV0joSCD1Z2yEOY	Ayu Malaysiaku	1
5FonmLkIs83La0OrgmzcF5	Sin Miedo Al Exito Cumbia Sonidera 2020	1
5GLdc5aIjdvyO0U1U9sJKX	LÜCY	1
5Gv1svMbcxpoiYwJrxJUaC	rom com 2021	1
5H8dCnBCyqilNfWW30D5Xd	I Woke up In 2021	1
5HfpC37ROh5H7oKZ8AVQQt	Physical: Empowerment	1
5IDJBkr9EzMofENo4ScNxi	BLACKPINK 2021 'THE SHOW' LIVE	14
5Jk4Eg7pxYhDrWJCVVzmMt	CHARLIE	1
5JpH5T1sCYnUyZD6TM0QaY	Cry Baby (Deluxe Edition)	1
5Kcur0mxf34Q4BKTdeBBQj	No, No Vuelve	1
5LE0h2ROoTY6gYp7ESDNOc	Neo-Classical Essentials, Vol. 1	2
5LgNOsgtQVv70wY0X6eH0t	Popurri 2021	6
5LmWpTOOBd5oF1P8y17qBM	2021	1
5MS3MvWHJ3lOZPLiMxzOU6	Her Loss	2
5MoABbHznJUM1jwGlJqmLl	Cherry Tree (2021 Remaster)	4
5MzBbJO271Vn4VjxtDev3V	2022	1
5MzKklFbHDwi1MG79RWEHc	Only You (From The McDonald’s Christmas Advert 2022)	1
5N4VKHQ4oFz404Wl9FGegr	Bach: Classics for Commuting	5
5NqpD8tRZ6aSrahDrpGeeW	Leroy 2020 / Semolina	2
5P4S6FlantUzVJtJH0O6WV	Photograph (Acoustic) [2020 Remaster]	1
5Pe8Tik2SOuO7thmyRvyPW	2022	1
5Q00AXTjkWYRHuWWGbCa7o	A Eulogy for Those Still Here	1
5Q7oMv5dx9VinYxveFZNsn	Goats Head Soup (Deluxe)	4
5RRib8eRMf8OthdvJX26iU	Playing the Piano 12122020	1
5RZrivX6GuIijYW0A2ippm	Good Person (2022)	1
5RhhT00kAnesUeDbEThexo	Greatest Hits Vol.2 The Better Noise Years	3
5S1uPYZSgeAkZYxvFuJBeW	Use Your Illusion I	16
5SDB6dlRVY9YsW4qHC4cP5	I Put A Spell On You (Remastered 2020)	1
5SX2ckmXPzTgWpWfOoTrn0	Top Hits 2010-2020	1
5UCeq2k6uEKKdvlhSa91xy	Lightning To The Nations 2020	1
5UOstkFn8OlVc9tOtFeeWn	ACM Awards 2020	1
5UVuuIX3cfTdOR7Ss65QtA	2021	1
5UgaQfAOaOdfLxFClw8EWa	Stereotype	1
5UjvEHs238zvFn6F0wrV7w	Lo Mejor Del Tribal Mix 2020	1
5VM8S1KsRwI3JEIXMtk6v1	Capodanno Disco Dancing Party 2022	2
5VQkuBEAq55jFH8yoNH3df	Christmas Playlist 2021	1
5VpPRQ5SHRyTLxBpDupDQg	Reim (Expanded Edition)	1
5WF5vMuRJldSLn13RdPkjB	Armada Electronic Elements Essentials	1
5WWu3iYAXLgqghjU9696Nk	Father of the Bride	1
5Wl4V0LZt5cl9JIrR3fqTA	Christmas Vibes 2022	40
5XNAwBlVPzyFX3KnFa3ZP8	スキマノハナタバ 〜Smile Song Selection〜	3
5XUgypKy146ZFw8fvLiZuo	SELF-iSH (2020 Remastered Version)	8
5XXymqS9NunPlUbovZK8WJ	Sleeper Catcher (Remastered 2022)	2
5XmhHMj5LZLWo32aA6ntKE	Oh, Inverted World (20th Anniversary Remaster)	11
5YKqfiQdPYWJ0kZ5pttY5o	Build a Bitch	1
5YbIiJfcelUUnD1JK1JRKA	Downtown (2020)	1
5ZTcvSE3gYk7vzOo71u0Nj	Traigo Melao	1
5ZV0BME9Y6vAjXWarbBdzx	Fast Life 3	1
5aFEtdCEkBFXRqD4CeKswc	Teen Idol	1
5aUPcHoQ2ovQ6VPIiu3Gp0	F2020 (Remix)	1
5bE0mXrB7YHMMiVoQxAW2D	JOYO	1
5bUzsnUjk6NHrdF67fsRyx	Bang Bang Bang Bang 2021	1
5bXAysvuhQbyWllgYuahwt	Atmosphere	1
5bfpRtBW7RNRdsm3tRyl3R	Dreamland	1
5cq11GZURob8vPE7kGQW25	Deja Vu	1
5d3ArWBKRVfGsl4VHNcGyX	Pride Hits 2021	1
5d8tWnhz9Zv4CFXi7hSLce	Critch Tape	1
5dGWwsZ9iB2Xc3UKR0gif2	Justice	1
5dUAXyM7QG8yVwms8PQ5Pt	2020	1
5e5WOhcAo3Fb0CAufVo8Gv	Uncle Albert/Admiral Halsey / Too Many People (Mono / Remastered 2022)	2
5eA0qtE7Yu29XiMlwoby2G	Nevermind (30th Anniversary Super Deluxe)	13
5eU8DCQKzpinsnzAAJwlbf	KIDZ BOP 2021	30
5eWB4wlBGfGYbpvxJHsmuf	All-Girl Greatest Hits 2020	5
5ebZ4KVWkjFCpFqezJERSw	2020	1
5fEju3Oo6Cpw3ZjIVP7N9h	Gli anni Fonit Cetra in 228 canzoni (1941-1958)	1
5fk2peg85KhkTZuxGK57Th	Christmas Carol - Funtime with Famliy -	1
5fmJvOgfxX37ndWmbnOL2U	Jam in the Van - AJ Lee & Blue Summit (Live Session, Paso Robles, CA, 2021)	1
5g1FoIelpFNL8eHxSvXl0b	2020	1
5h3yp4glFk8e098g3f0f1E	ASOT 1095 - A State Of Trance Episode 1095	1
5hKhPzXHXonGbSLeLIFpvw	Justo y Necesario	1
5hu8tBaSUvCRgRqS78eqKz	Crisálida Ecléctica	1
5ieBOR7fKrDckEgmubHoBh	Baron von Tollbooth & The Chrome Nun	1
5igKq468z70vx8D9gD1oSs	Capodanno 2022 Party Time	20
5jbqrySvnk6rUvOZ6tbscd	IRIS	2
5jlE1zlhT3mEWw0mRpN920	Chilombo	1
5jtwM6EY4EeoANHwqyjxk6	2022	1
5kE2OAuUYGBqqzscqgBXXf	KHALED KHALED	1
5knuXBWenny1xBG6ug66ks	Ultimate Hits (Remastered 2022)	1
5lGQpll7vlVM3CLNQcCPTe	Best Of Christmas Songs 2022	9
5lKlFlReHOLShQKyRv6AL9	Future Nostalgia	1
5lWh5YPOOuvdlSn5hLDn02	The Kink Kronikles	1
5myvnvNMM6RaI2as8s0KpW	Nice 'n' Easy (2020 Mix)	3
5nf3tQHGdH6J3iINNfOL6T	Party 2020	1
5oBYG6dEI2Er6EeLnmonGE	Whoopty	1
5oP5n44ipEg3VbMyC7saKm	Tetris 2020	1
5omNd3Mkij9C3ZeW19rRmv	DESPECHÁ	1
5pH2nJh7Y7dl0EkubHaTLv	Young The Giant (10th Anniversary Edition)	6
5pmQQRwJ6uN831AnVW2vRZ	2021	1
5qC55r33Zx0lo1OWS8GXR1	February 18, 2021: Perseverance - Mars Landing	1
5sSvOSARkKNHkWRURTCIvD	NMFG	1
5slxraAPeJWjwFoJJO2EYC	Wedding Hits 2020	1
5smqkYeHq9jKRbaXpy3TpL	betty (Live from the 2020 Academy of Country Music Awards)	1
5syyTnNyAL5zK4tvusCSJc	初音ミク「マジカルミライ 2020」[Live]	1
5t6KIM8JLS1NQ46PWPrPtR	Reinventing The Steel - 20th Anniversary Deluxe Edition (Terry Date Mix)	1
5tDA8zpYtcU3RCMWP2rSei	Có Chắc Yêu Là Đây (Onionn Remix countdown 2021)	1
5tmk33Tf9Fght50ux5n4md	WOTFI 2022 (Original Webseries Soundtrack)	1
5uCEoLCj3ZZZ1EtzQdQWVl	Life Is Good (feat. Drake)	1
5vHF5rFsMMl3K0cdNTLQ9o	Gershwin & Kern (Octave Remastered Series)	1
5vk9vEGaG4LG7fzSEcSZOI	2021	1
5vzqcsb852YDCHtaQNDNpd	Sleeping Songs 2020	2
5w3q6GZbw0gsAtvl1c0rmu	Armed Forces (Remastered 2020)	4
5wHzT5gng44dAMWXCUQaLW	2020 Venting Session	3
5wmpyBrjN5aME9zXWmyUWg	Piosenki Świąteczne	1
5wsaSNJTS4x2XhO30SD3NL	Astronomy, Vol. 1	1
5xx7Ea1pERX3v4kjvReNbs	Sleeping Music 2020	1
5y5Je353ZsPKl9fuO10ZpA	Cashmere Tears	1
5yU4LQHbP4OjnXiHpVT0jL	Vegas Stakes: Iconic Themes	1
5yVV7nXRjELAB7ORHvyBST	Back To Your Roots 2021	1
5yXhPA6vpIvxsKQvgnFpRr	2022	1
5z6BFXI711HbSAXDjgOAHE	Into The Woods (2022 Broadway Cast Recording)	2
5zJ5Hz4a5OACoowuL3x86m	L.A. Woman (50th Anniversary Deluxe Edition)	5
5zUwpYOKhsJkvmOq7hKovS	2022	1
5zrL2ksIQGzkwNmgW3GOHv	BAD AT LOVE (2021 Mix)	1
609sXFlLHVfyO0lyFJw0dL	NUGLIFE 2020	1
60djef9KTU3CGObEKqF1Sy	Soundtrack To Summer 2020	1
60u57g9DAjQXdxAP1YJtX5	異世界転生したらベストアルバムでした。	1
615AFGZGlHVBX6MubJUsJh	Harold And Maude (Original Motion Picture Soundtrack / Deluxe)	1
622NFw5Yk0OReMJ2XWcXUh	INDUSTRY BABY (feat. Jack Harlow)	2
623PL2MBg50Br5dLXC9E9e	BLAME IT ON BABY	2
62VsbaGIY8h6uI3U1ZP3nU	Walt Disney Records The Legacy Collection: The Hunchback of Notre Dame	1
62yeYHE8CMTNQ4LgXNae2U	La Vida De Alguien Más	1
63FCLdOda9dZy1SzHVYwAS	Plegarias (Acústico Premios Gardel 2020)	1
63iWSELt9V1kV6RSMxN7Ii	Changes	1
645AC6dlytq5nFwF6kvpA4	Moods 2020	2
64Jbv5v63M71jajoIi0vXR	Jam in the Van - Lawrence (Live Session, Los Angeles, CA, 2021)	1
65BL1WmHblGCNmhzfgYEyD	InnerSpeaker (10 Year Anniversary Edition)	2
66cSCYHzE9eWbgtICJ7ceI	Annual 2021	2
67TXdqM1jPsLtR7Bl2Kl6J	2022 Football Rock Hits	10
67WyjBvp262RGocHFDTny1	TAKE A BREATH	1
67eRBP1zGP3JLv3IC79lNl	2010's-2020's Retrogamer	1
6859Lo6sb6CuYVcGBfjO5V	The Ending (Remastered)	1
68fwKhBLMJQkUHQ9UH5AKS	The World Is Yours To Take (Latin Remix / Budweiser Anthem Of The FIFA World Cup 2022)	1
68v6Repruob3pekgb1AEvu	Eduardo Luzquiños Hits 2020 (Remixes)	2
692Hr9ucjagwt9XNMVgZF6	Božični Hiti 2022	21
69tpCFA80jyssTOIHDQQO8	Capodanno 2022 Pop Hits	31
6Ab1ZrMluyA1HCaDuOW9ey	Step Into The Game (Official Intents Festival 2020 Anthem)	1
6Aqtcnv4SwSnXaZj987OQ0	Hyperspace (2020)	1
6As5yhcLVjvfDCupLSWDuK	Biała flaga (Remastered 2021)	2
6BMSE9d6xOGoTjwy7pUZux	Worries (2021)	1
6C2CiTgsnQPSA8onHzCiMq	2020	3
6CAokph2LxSwTMczzgfeFu	Family Portrait (2020)	1
6CVqKOQkHlK1lRWlOnLkXs	Taxman (2022 Mix)	1
6CfZkq2gT8JmDKJGgHOIf1	closer to closure	1
6CxIFuEFsEKTXGQNqRE0r5	Worst of 2020	2
6DY97Nku8OWIvZprxzpbbV	Bach - Driving Classics	5
6ELqUBxrTSFFjaTratUXMI	Dopehouse Mixtape	1
6EVAtrDDDMRCbxmLikzJnv	The World Is Yours To Take (Budweiser Anthem Of The FIFA World Cup 2022)	1
6EZE5e3vBZZkSsnyn1g1gb	Color Esperanza 2020	1
6EyH9SansBLbZyrzNW7RTx	One of One	1
6FIMt58naoGYrOe4Wn2P3n	Bam Bam (feat. Ed Sheeran)	1
6FJxoadUE4JNVwWHghBwnb	RENAISSANCE	1
6Fy1yge1iqKMl4cnlunDg8	2021 Wave Sounds	3
6GKpINyYmLRPjGnpzo8LIS	All That You Can’t Leave Behind (20th Anniversary Edition / Super Deluxe / Remastered 2020)	1
6HJDrXs0hpebaRFKA1sF90	ROXANNE	2
6HNxbs1ePh4vjUv7fNe0xE	Saucester	1
6HmXiwrdWemxIYbzR7GXtk	Destroyer (45th Anniversary Super Deluxe)	1
6I9AUjcC43s0WtBPmBuHCt	Burn Out At The Hydrogen Bar (2021 Remaster)	1
6J75Uzqa5JtPX6R2o8ak3l	Tik Tock Hits 2022	1
6Jn9woUdKX1QHC2eSQhud5	pov: you go fishing with your dad	1
6JvOKlgjSQmr5BJnXSpI6h	Too-Rye-Ay (As It Should Have Sounded 2022)	1
6K7559pAYrNCJwsv1uIIK7	Put Your Records On	1
6KC9DJkHD32CMg6T2NSzBU	Cartiworld (Remastered 2021)	1
6KEGyckv39375t2pLvNZUn	Rise Up 2021 (feat. Jaba)	1
6KftipwDB7f9ypDXMI7pMV	Emo Rap 2021	1
6KpcAZYdX5RrdXme2a12d8	On Rainy Days (2021)	1
6La6D0hm5BAJt7Ce6OOoFr	VSQ Performs the Hits of 2021, Vol. 1	1
6LhXcT9U6igze3sgwi1sbJ	Chart Toppers	1
6LiMjMu9Yr0B2qvfanwL6F	Rainbow 2020	1
6Lo6ylJg4qbFfxicPEOzMI	Suga	1
6M4Nu5UgX097dxeF2lm9P8	Featuring Ty Dolla $ign	1
6MuCU6z3o7zUamRVhYEqDq	Itv2: After Dark	1
6N9DZuWjxAsvlqepvHs6UT	Motorway (Remastered 2021)	1
6N9Ivba2DWR98GEACBgqlv	2021	1
6NkgPYCMAzttRIKDpuJrFp	Giant Steps (2020 Remaster)	4
6Nvueg4HXih5kG4kQrCZ6Q	True Clarity	1
6OCuKpYdJQk23j0JHh5XlK	The Collection (Favorite Singles of 2020-2021)	3
6OuB0VXwf8uJQdRTxfzsH3	Reinventing the Steel (20th Anniversary Edition)	4
6PanEvuo9ZNvGT39v50xp6	Yankee Hotel Foxtrot (2022 Remaster)	2
6PpdUe0BI2uhtrLr4IMGRY	Fitness 2020	1
6Q9ZBNbwJkrHEUwD3YNV8s	Heaven and Hell (Deluxe Edition)	7
6QIWJVJPPgAA5c4aIb1zCA	SKZ2020	24
6Qqbl3Dffd3yMwqwC6oJn8	amaranthine	1
6S9XDiLlrQLGYpxmalrcuN	Drama Y Luz (2020 Remasterizado)	2
6SUNBtxid3iF70ordzeeLu	Capodanno 2022 Canzoni per bambini	9
6SwiA8jen7umxi9L8y1Oy4	An Old Time Christmas (Deluxe Edition)	1
6TCyRxdc9BFBsg9HFXd5OD	Summer BBQ 2021	1
6TD3vA47sPGc5vdeOPUnc9	lofi ep	1
6TP5TFRZIIdhwdKzqAQ8wj	Beautiful World (2021 Remastered)	1
6UOSdnraxx37AOymBowDok	Underrated	1
6Ul4tdi3BM7pExAomBYlBq	Corridos Perrones 2020	1
6Uput9dYdP4sYw9akBCw0y	Future Funk 2021	1
6VHilATB94wrgrH870jvYo	I Wanna Be Your Slave (Tiktok Master)	1
6VNKKb04mPaPPLE8fmMRAP	Jarvis (2020 Complete Edition)	1
6VNknNIbmdzuIrtApjCYy7	Nuages (Remastered 2020)	1
6XCQ6n3fMz1qGcUVADbpY3	Football Anthems 2022	3
6XcYTEonLIpg9NpAbJnqrC	Roses (Imanbek Remix)	1
6XepuRQQxX2qDlkIuIOnpn	2001	1
6Y1qMU0XXnnAcBGlAGuOPJ	VSQ Performs the Hits of 2020, Vol. 2	3
6Y6861L8Iwse3spu3vOWEc	Shiny Star(2020)	1
6YjGFGvxaNPwD2sQjECHSX	Memories (feat. Kid Cudi) [2021 Remix]	2
6YlAqC0IQdysFW5G7pRw2H	Prayer Heals Pain The Aftermath	1
6ZOxuVb5yICIKhvsbI4Arw	Changes (2021 Alternative Mix)	1
6ZPs8TTb5GV6RD2M6FsrUl	Rise of Sly	1
6ZqsbYcB6Ycf8SG4TmA7ii	Coed Greatest Hits 2020	2
6Zzss0gwhwdizR2JIoSUa7	Tomorrow's Dream (2021 Remaster)	1
6al2VdKbb6FIz9d7lU7WRB	Proof	2
6apHrLiiQLJiuAbmfpxapa	2022	1
6azTSAM4dz8XCZYAL3gCCS	Strawberry Skies (Deluxe Edition)	1
6bzDf8hYZbCuwjLoEPRvtE	Soulection White Label - Monte Booker	1
6cx70b7oZhUaEENjk0ZM5K	Dad Rock	1
6d1vGZsr6Uy3h9IigBpPAf	Meet The Woo	1
6dSLwoVbn03FM34TtyFlpJ	Josephine 2020	1
6dY8EqTx6FK9dDPcPvoxIR	Served Live	3
6eJp9kjhacbth0gJuUxLq5	Canzoni d'amore nascoste	1
6eLRDvzvw56zlo8xHGts84	Fuck 2020	1
6fay9e7IPkcaelB70hd7v3	Settle (Special Edition)	1
6fmm45uHKdFF6wgeAyXa4d	LoFi Covers of 2020 by Golden Era - An Epic LoFi Edit Collection	3
6gM006pkF6oxx4ahlnn3fN	Kids Christmas 2022	3
6hSEwNZfaqGZ6Id9PrOMhO	Cómo Olvidar (Versión 2021)	1
6hZ1m5PBm1zNe8hJ4RghPx	2020 Vision	1
6i07QMGlI2NMuDgvLQNi7e	POST TRAUMATIC (Live / Deluxe)	3
6iEs6clt0QoAW4y0dzd3JH	Physical (Deluxe Edition)	5
6iEvzYibK66bCAhDypr6L2	Higher (The Voice Australia 2021 / Grand Finalist Original)	1
6itt1u90dZpKejFA0ZDOP8	2020	1
6kQ0c1VshLvKCEHnHhsuvY	Mortal Kombat (Original Motion Picture Soundtrack)	1
6kSLrLhGTDzO2j4oE8AzbA	2021 Artists to Watch	1
6lheAtw3IcJvflIhLbykih	CKay The First	1
6m2Lew9fzZPIXJfjsHKsQG	2021	1
6m6NB4ZyJZTVzkQpyfVKk6	Billy The Kid	1
6mPSjHXiuf2zHA0ssVp8iU	Hayya Hayya (Better Together) [Music from FIFA World Cup Qatar 2022 Soundtrack]	1
6nEAMZsj8M7BPLVH8BBNAu	Sunnet El Hayah (orange Ramadan 2020)	1
6nG4rFYSnraZBI1A1NlADR	2021	1
6nYfHQnvkvOTNHnOhDT3sr	BE	2
6nhmbrMX50vf3l0AzOEaTx	Save Our Soul (Rework 2021)	1
6nzd82iSFltwYHG0Or8PXv	Dulces y eternos Hits	1
6o86bV7TAt5x4exc2qLDqC	Actual Life (April 14 - December 17 2020)	15
6oECjagksATHu2UaclXrq1	Doja	1
6oXda1BdB7R8wH6oExujYx	This Is 2020	1
6obvMVCOQ0Hw8A5CRbSJuP	2020	1
6pOiDiuDQqrmo5DbG0ZubR	MONTERO	2
6qLL2JSyjZztZ0S5M8wDcX	Utattemita[2018-2020]	1
6r2C6v9xeuXlDNhEiwKFWs	Scene #3	1
6rBennOYWR1OZQnsU39PKL	Blueberry Faygo	1
6rMVHH7WzFqhQ2dLsqlkOe	Beneath the Remains (Deluxe Edition)	1
6rjTLZmOHDByOn63ZZomyY	Arhbo [Music from the FIFA World Cup Qatar 2022 Official Soundtrack]	1
6s84u2TUpR3wdUv4NgKA2j	SOUR	4
6sjdohc8ouX9jHxIyqi6mi	Cooped Up	1
6tE9Dnp2zInFij4jKssysL	I NEVER LIKED YOU	1
6tJKIc90Q5FuHbAWsrBPkI	Back Home	1
6tMXhYSWXf3xcbrEQgNckz	Capodanno 2022 Baila! Latin Hits	48
6tQYvyMWqbpd7d7xAB7SdV	Technical Ecstasy (2021 Remaster)	2
6tU1p0AjQ8hd74Q7WBi9XF	2020	1
6tUQPKlpR4x1gjrXTtOImI	abcdefu	1
6tp338NQJaj0eDDyZgd7gU	今の私は変わり続けてあの頃の私でいられてる。	1
6u4U3O6JnYaGVOuVDENh87	2021	1
6uEzgIGDVyYfx0yyfON43T	Romances de una Nota 2021, Vol.2	2
6uXCDNLCKMosTnjTrDtkp4	A Little Love (From The John Lewis & Waitrose Christmas Advert 2020)	1
6v3mBUMjarq34pFwlXUKrl	If I Am Only My Thoughts	1
6vyjuun6BIWGkkUKseUVzf	Boogadaboogadaboogada! (2020 Remaster)	2
6w2uuwpOmi1m3MhkOmOVFS	Summersong 2020	1
6w8QcKlk7rul2V2ZM3KIVD	Summer 2021 Anime Piano, Vol.2	1
6wFrmcc2DvHJz3t3kpWEZ1	Young's Old Covers (2019-2021)	3
6wYyYhNKiJoG0QosSp2qT6	RESONANCE	1
6wiWlvqCdeFPI4TDbrn3uN	2022	1
6x4T1eceOC8ETSBDs3tiWx	Luv-fi 2020	2
6x5l8Cjzh0GaKQLVsLBOk7	Cali Roots Riddim 2020	2
6xJ2KwdDK1enMLmo0fQsmS	Alt-Pop 2021	1
6xlKQHrZDSR1n52nZuG6L9	Dumaloy	2
6xsIrcspbkzpz8fpzS1j5M	GOLD ALBUM (10th Anniversary Edition)	1
6y8rR9TEKAuRwL1tM7zRBA	Chillhop Essentials Fall 2020	25
6yYOH4L3NqmGTOay5iAfWS	Absolutely Anything (feat. Or3o) [2020 Edit]	1
6zOdCUTG8ZWOfB7EyZWytq	MTV Unplugged (2020 Remasterizado)	5
6zaOIfy2Fy8ez7UnAv1ZJ8	White Washed & Composure 2022	1
6zaV1qlJWDaOwg5SrDmS0W	HAYAT	1
6zgGrSukZBdczZRXwrzkDV	2022	1
70kpGi2o0I7NY4DfwIN2p0	Lola Versus Powerman and the Moneygoround, Pt. 1	11
719zEHYz9RcUXss1LP1ouT	No Need To Argue (Deluxe)	1
71kF6VvaPdBxr9M7yRvQnw	Live Archive	1
722UdK4jKw9O7GwNSuRMkQ	2022	1
7240kGNKtkhUSkYy9MPrRB	honeybee table at the butterfly feast	1
72NDhMRxFvj5BzIH0vHcPo	El Jerry 2020	1
72TjwUTbv8m606I5SEASqZ	40:42	1
72cMrdnkM1mJfvvIxvv4ya	Reggaetón 2020 - Éxitos Urbanos	2
73mcyffe8PcMszHkQO7ZbU	Endless Waves: The Dawn of Electronic Noise & Ambient Music, Vol. 2 (2021 Remastered)	1
74CagF8vwV8bvyrOlKMl7B	2020, Pt. 1	1
74sYU5TIfL1HfcYzn4Nba8	2021	1
74xlbvJ97V6bZBk19NVFAj	Clouds (2021)	1
75Vkyw1xoI7K0oMXLt46gK	Symphonic Suite “Princess Mononoke” 2021 (Live)	1
75ceDaYotZUmKDLHSIFWis	BRAND NEW ANCIENT RHYTHMS	1
769JF4KV1o5qcfkCz2fB7x	PROJECT - 2021	1
77Oj2BXSPLzSjxrUptPV69	December 21, 2020: The Great Conjunction	1
77cR5kSztr2fcYtr0vsyes	Actual Life Piano EP (April 14 - December 17 2020)	3
77pfq6Ub1QM0OUBUyuks9A	2022	1
781cKhbTPwLnPmo9BALQl7	Good Days	1
79ONNoS4M9tfIA1mYLBYVX	Mr. Morale & The Big Steppers	1
79Q4iilYXdurIkYjrxFaM5	People Suck (2020 Remix)	1
7AaqMMiYMvnMB3RcS8u3EY	Sweet Action	1
7AuWcki3N72BH2T5Ayo9D3	Vivaldi - Classical Panorama	1
7AwAFzcMobeiF5vAuEoVe0	Ya No Estaré Ahí (2021 Remastered)	1
7B5wHZpsUCI2Y7uQ3fWQVz	Good & Loved (feat. DOE) [Stellars 2020]	1
7C221PnWhYGv8Tc0xSbfdc	Revolver (Super Deluxe)	16
7CMj2ggjSgz4Fcjh2FJ0Eo	Summerland	1
7CNauocTEc5M7HTzLG7kYu	Wise Guy (Remastered 2021)	1
7CiSh3Wv5DrOmoxIZhzBYm	Let The Bad Times Roll (Deluxe Edition)	1
7Cj7913Nj7e4KPfdd4VNBi	2022	1
7Cp6sKFmFILuXiQMedjdIh	Boy From Brooklyn	1
7CzfB14eNxngG88ryqAD1b	Guaracha 2020	1
7DOQL9YDuIRCPgSSEA7UAY	Invitation To The Movies (Remastered 2021)	2
7DbEJaAcgnbnYEEbX4A9OO	LOVE DAY (2021) (Romance 101 X Yang Yoseop, Jeong Eun Ji)	1
7E2MS1gyfUNZL3tGyVSnRM	I Will Go and Do	1
7EEb79zGlWGZ05WTj6J77d	En Vivo 2021	1
7ENSolPrjCvv0U2QMHMJeJ	20/20	2
7G0epM2cJa1WS0UYxC12r7	Red Rocks 2020 (Live)	3
7G8ABU4hgwvacYsA8ajjsV	Skin Care Tutorial 2020	1
7GF71BBxU6CR7yzMFRJHwl	Chillhop Essentials Winter 2021	5
7GU6LptgVNtlodcWcRsnHN	April Fools (2021 Mix)	2
7GjVWG39IOj4viyWplJV4H	Little Dark Age	1
7H12rbIBE4R5DyDs2lZSBq	PinocchioP Best Album 2009-2020 Kotobuki	1
7H5o9Fcy8VZPzzBwGFyoG4	TrenchBoy||	1
7HUt8oIXR90aLnzugUXM6U	20/20	1
7HxknjzFr59SJZjFiUycUK	Sexy Songs 2020	2
7IEKWKox1xVi1tlUyWnHHk	Devotion (2020 Remix)	1
7ILcxLRAchjzznQVoD0ESK	Classic Christmas Hits 2022	1
7IyoGB8J31fvQDwGtHAq9m	Eternal Atake	1
7J4ASJD3IvdANlrPkmeVP0	BLACKPINK 2019-2020 WORLD TOUR IN YOUR AREA -TOKYO DOME- (Live)	11
7J8SSnGauta2Uy7HKhEDMA	Anomaly	1
7KSf6p0G0mZd7j60etVTwT	Hall of Fame	2
7Kyj849t8zHFTy08AKpNuG	Cologne+1 (2021 Remaster)	1
7L8l68GdcMdFCtlkHPHNrA	Crooked Piece of Time: The Atlantic & Asylum Albums (1971-1980)	1
7LGfXrv3UV7GAMuUOQZ37L	#Ysya2020 Vol. 6 - Un Flow de Infarto	1
7LLjjbEIbUTpMROr1AkCSL	Did I Shave My Legs For This? (25th Anniversary Edition)	2
7M842DMhYVALrXsw3ty7B3	I'm Good (Blue)	1
7MWlF2Xw4QttZE4gWF53Lv	Pobre Cabron (2021)	1
7MawaenOFJRETzCCmO05Sv	Boxing workout music 2020	1
7N2zEEZBWKARZnDtRNkX9v	2021 Mega Hits	1
7N3SiwnBMR1C8hcA4W1GtH	Need to Know	1
7adTXbywxknikSwjTEXlaT	2021 New: Calming Noise For Happy Mornings, Gain Strength, And Much More	8
7b7u8m3u0tvkf4OK8RnEi1	Best Of 2021: Breakout Artists	1
7bcfiJzlesJMRLyXzsYlHK	Hot Shot 2020 (Standard Edition)	2
7cQuRxvG0SivoV6YCyrJY5	#Ysya2020 Vol. 5 - Silbando	1
7dGU6JD2hxL29IZ1jlfoyi	Mareld 2021	1
7ditKF8jBEN5nob1G4POEG	Fall Trends 2021	1
7e7t0MCrNDcJZsPwUKjmOc	Shoot For The Stars Aim For The Moon	3
7eMRu6zbiy4TuYQRGrKl6o	Rave Culture 2022	1
7eNLoDqgE7szA9iKDc8SLD	Hand On The Pump (DJ MUGGS 2021 Remix)	1
7eaEia0ipy3eub1E8Gf4Jx	Alegría y Gozo 2020	1
7ez8WRX4sGhKHZryJPJCNg	Teaser And The Firecat (Remastered 2021)	10
7fJJK56U9fHixgO0HQkhtI	Future Nostalgia	1
7fZcJiON0dNa4iE2miGmhw	Satellite (Expanded Edition; 2021 Remaster)	3
7fkPMqAY5oNunsFcBdmYCS	Bằng Kiều Acoustic 2020	1
7g1e1Kv0sQ4VXsvP1zLjVC	2020 Vision	1
7g6V1Ue3CIrJ6ehtNz8v9b	Barenaked For The Holidays (Deluxe Edition)	9
7gmP56Qy57CeVrNyc5xB5d	2022	1
7hff4N6Age0yXBl7Qb7H6r	D.P. (Music from the Netflix Original Series)	1
7iKcDuQCr4kjjxK5dTwdsg	Kishore Kumar most loved in 2020	1
7j1oHUuahk5JCwVlqvHyiM	2020	1
7jffDJ0I9WGyZmYZtFS1wu	2021	1
7jjwVpV95TJLQ5MInOnIVn	2022	1
7k4J5qR8PM85DHAbWMWahB	2022	1
7kZ65DpjvVGcGBsNUkd0Uk	2020	1
7kpcvCUADmGFDCixfHlBr9	I am ... RAYCHELL ~10th Anniversary Music Collection~ (2021 Remastered Version)	1
7ksi9fz8DkzH34QEcLbnER	Kalako 2021	1
7l5I3C9sBNZfNG0BiECU2X	Surrender	1
7lPoGKpCGgdKFAxpudhAH5	Speak Your Mind (Deluxe)	1
7mDfVVu9tfvMAkWlHTxDi7	2022	1
7mY2EOrDDVfDAAeRm36tjH	137 EP	1
7mYiIebqgkhpysEFzboxIz	Eyes (2020 Remaster)	1
7nII01joxrmJU3KQPLejxV	2022 Rewind	37
7nOswOA48DLSfpNcpgI1cL	"A Moment of My Nightmare (游戏《少女前线》2021冬活 ""镜像论"" 主题歌)"	1
7nPYMLQJhZAwHFeMcVqsmz	Christmas Swing 2022 | Dean Martin, Frank Sinatra, Nat King Cole, Bing Crosby, Rat Pack & more	13
7npDVpi56xgR0PZhwGU8BS	Ogadar! Pt. 1	1
7nyOdcTNJfbRJsDSKcJfDe	Tell Your Friends (Remixed & Remastered)	1
7nzVmvjPmAXNc7MnIaKVQe	Milk Teeth	1
7o1TsJgTlyE5IspzERWwU6	Shut Down / Good Vibrations (2021 Stereo Mix)	2
7pXzWQE4urVbA9k8sqAggO	Apasionado (Remasterizado 2021)	1
7pvQNrfkrK18BCaaMCVT7Q	2020	1
7pzpjjfVp6o61IbBMzGPdE	Like a Bird: An Alex Schaaf Anthology (2010-2021)	1
7q6zjWaLw8bN5nYiBWjrus	THE SCOTTS	1
7qq1UnrFglFTE9w2cUO5pU	Jack The House EP	1
7rc6GOA51znIGoipoy56si	Party 2.0	1
7s3yU4zRrrhYEFEun7HM6H	12 Mandamientos 2020	1
7skFKbPZtGLyhj2V4GhRoY	F2020 (Radio Edit)	1
7tCnmn9QvojHgEDCWG6xXs	Clayman (20th Anniversary Edition)	3
7tIVuMYjrSZEYS2hHSMlh4	2022	1
7u19gNWP2V3SGymRMbb0t3	Hungry Like The Wolf (2020 Remaster)	1
7uR9W2sq1wF2ynMRlnJGPR	White Noize	1
7uuzR6IeZUaKzeExKYkk2Y	"Reflection (2020) [From ""Mulan""]"	1
7vZWcCezxHhkatuntIRuVt	Nbyg	1
7vl3pmA09x8tV7OUYCcTZ1	High Tension	1
7vus4Q8r5DS2Dl1JClxEsA	Astronaut In The Ocean	1
7wAADcoEepJlzQPfKlX5S3	Actual Life 2 Piano EP (February 2 - October 15 2021)	2
7wSrwRAZqvDKESkUFwqdFG	Great Good Five Ok	1
7woFc7Z4JMbLFjvlIoCCQB	Universe - The 3rd Album	1
7xV2TzoaVc0ycW7fwBwAml	Fine Line	3
7xsrYYPSFdoMdsUSypnF5f	Restless Heart (25th Anniversary Edition)	1
7yBPBvBYXB4e41YZa6xAlx	2022	1
7ySWVfhfhHfUZHyCfbNWd7	Hold On (feat. Cheat Codes) [2020 Edit]	1
7yZlkj19iiyt1PndidNtur	Straight Out Of Hell (2020 Remaster)	1
7ysE18Qc9SBTqQxt1dqa4O	Dembow Mix 2021	1
7z4GhRfLqfSkqrj5F3Yt2B	Heaven Or Hell	2
7zhwCAUQETk5MXUJBYqc0C	Live Around the World (Deluxe)	2
7zva9wg87euC958GKmscJz	Festa di Capodanno 2022	34
