id	name	followers	popularity
6FqXAd1hQl7vVdIQ3hhtgc	D. Savage	401457	59
06HL4z0CvFAxyc27GXpf02	Taylor Swift	61544291	100
2uRjuSX3CCVJO0KBA518XG	L.S. Dunes	31952	42
64tNsm6TnZe2zpcMVMOoHL	Alice In Chains	4192083	70
1zNqDE7qDGCsyzJwohVaoX	Anne-Marie	10175705	76
0kdCOThNPqujCtumv0fG96	Dre Cannon Music	189	29
47mIJdHORyRerp4os813jD	League of Legends	1514585	78
6eUKZXaKkcviH0Ku9w2n3V	Ed Sheeran	104542644	89
6DgP9otnZw5z6daOntINxp	Joel Corry	307261	74
6KImCVD70vtIoJWnq6nGn3	Harry Styles	24160808	89
3L8FZaw2Rg1oUw3vB4gUME	Bazanji	236158	59
2wY79sveU1sp5g7SokKOiI	Sam Smith	20634036	87
3Xt3RrJMFv5SZkCfUE8C1J	Kim Petras	819987	82
5f7VJjfbwm532GiveGC0ZK	Lil Baby	12002720	89
3TVXtAsR1Inumwj472S9r4	Drake	68444543	96
1URnnhqYAYcrqrcwql10ft	21 Savage	11937369	90
7cwYKm54nTTbnm0UnH0xBe	Baby Storme	43560	34
0NwTAtq8aQEly8SEPqFokX	Alex Cain	40	19
1Cs0zKBU1kc0i8ypK3B9ai	David Guetta	24942317	88
64M6ah0SkkRsnPGtGiRAbb	Bebe Rexha	7675692	83
1uNFoZAHBGtllmzznpCI3s	Justin Bieber	67119612	89
1p6CdzJRoicjRcSdWoB9Qc	Mitchell Tenpenny	355792	65
6clbbhnIqpHnqxwtOWcilg	Little River Band	995226	56
6O74knDqdv3XaWtkII7Xjp	Boyz II Men	2603746	64
56oDRnqbIiwx4mymNEv7dS	Lizzo	5129854	78
1l528yNr0Jpv2dqg4r06kI	Battz	6186	33
02da1vDJ2hWqfK7aJL6SJm	Soul Asylum	531759	54
3tJoFztHeIJkJWMrx0td2f	Moneybagg Yo	3247084	76
3Bd1OhtszKkeWwN1pIQxyP	Cartier Camo	207	19
0hCNtLu0JehylgoiP8L4Gh	Nicki Minaj	26458928	85
23zg3TcAtWQy7J6upgbUnj	Usher	10079671	77
57vWImR43h4CaDao012Ofp	Steve Lacy	2418931	84
4bthk9UfsYUYdcFyqxmSUU	Tears For Fears	2582745	72
5Pwc4xIPtQLFEnJriah9YJ	OneRepublic	14460119	83
53SJovBw6wYRNkrqfccLLh	Zazenkai	6845	37
3Xp2zhqhMeT9j9bNIeyZWU	Angel Ruediger	1461	34
3Nrfpe0tUJi4K4DXYWgMUX	BTS	56854379	90
7qmpXeNz2ojlMl2EEfkeLs	Nicky Youre	76428	72
38PzLQE4GW8o7A18oGhi0x	dazy	6134	72
42IAg1RgfyE8c66KZcSlSR	saturn	31372	39
4EPJlUEBy49EX1wuFOvtjK	Becky Hill	555019	76
7nDsS0l5ZAzMedVRKPP8F1	Ella Henderson	1456359	73
329e4yvIujISKGKz1BZZbO	Farruko	14228407	83
6FFSTXo40QrNA2tpT1xbq0	Fother Muckers	73457	43
1RyvyyTE3xzB2ZywiAwp0i	Future	12384338	87
687cZJR45JO7jhk1LHIbgq	Tems	825474	75
3WrFJ7ztbogyGnTHbHJFl2	The Beatles	23857908	82
0eDvMgVFoNV3TpwtrVCoTj	Pop Smoke	11376637	82
4pnp4w9g30yLfVIAFnZMRd	ACRAZE	77798	68
1c70yCa8sRgIiQxl3HOEFo	Cherish	553226	67
5aIqB5nVVvmFsvSdExz408	Johann Sebastian Bach	3750449	75
3iamDPaou6RYgX0C43Qm6j	Karl Richter	7946	46
2tIP7SsRs7vjIcLrU85W8J	The Kid LAROI	4064879	80
6M2wZ9GZgrQXHCFfjv46we	Dua Lipa	37017969	87
4nDoRrQiYLoBzwC5BhVJzF	Camila Cabello	28421105	80
246dkjvS1zLTtiykXe5h60	Post Malone	38640581	87
757aE44tKEUQEqRuT6GnEB	Roddy Ricch	8533606	79
0du5cEVh5yTK9QJze8zA0C	Bruno Mars	44096514	86
3jK9MiCrA42lLAdMGUZpwa	Anderson .Paak	2248134	77
6PvvGcCY2XtUcSRld1Wilr	Silk Sonic	741838	72
2VSHKHBTiXWplO8lxcnUC9	GAYLE	535846	69
6vWDO969PvNqNYHIOW5v0m	Beyoncé	32567982	86
4O15NlyKLIASxsJ0PrXPfz	Lil Uzi Vert	13967565	84
0QHgL1lAIqAw0HtD7YldmP	DJ Khaled	8603351	78
0Njy6yR9LykNKYg9yE23QN	Nardo Wick	473782	73
6VuMaDnrHyPL1p4EHjYLi7	Charlie Puth	18123203	83
6HaGTQPmzraVmaVxvz6EUc	Jung Kook	4414052	74
46pWGuE3dSwY3bMMXGBvVS	Rema	1321085	78
0C8ZW7ezQVs4URX5aX7Kqx	Selena Gomez	38221181	83
64KEffDW9EtZ1y2vBYgq8T	Marshmello	34483650	82
4MCBfE4596Uoi2O4DtmEMz	Juice WRLD	26276273	88
04gDigrS5kc9YWfZHwBETP	Maroon 5	38445666	84
5cj0lLjcoR7YOSnhnX0Po5	Doja Cat	22733250	86
1HY2Jd0NmPuamShAr6KMms	Lady Gaga	23669755	84
7IEs29neldWttflhIzGhCX	Space Cowboy	10547	40
2qAwMsiIjTzlmfAkXKvhVA	Armani White	185427	70
6jJ0s89eD6GaHleKKya26X	Katy Perry	23274492	83
1Xyo4u8uXC1ZmMpatF05PJ	The Weeknd	51962229	93
0VRj0yCOv2FXJNP47XQnx5	Quavo	6025393	80
3EW0kQ1skZiK1NHg3Spt9J	Takeoff	1334338	75
13y7CgLHjMVRMDqxdx0Xdo	Gucci Mane	4520527	76
2o5jDhtHVPhrJdv3cEQ99Z	Tiësto	6570431	81
4npEfmQ6YuiwW1GpUmaq3F	Ava Max	5681725	79
7ltDVBr6mKbRvohxheJ9h1	ROSALÍA	6204738	84
4yvcSjfu4PC0CYQyLy4wSq	Glass Animals	3435843	77
2YZyLoL8N0Wb9xBt1NhZWg	Kendrick Lamar	21867402	87
7nqOGRxlXj7N2JYbgNEjYH	SEVENTEEN	7801081	78
2vpoxyiyc1CGcGI7cfCDJK	Jung Kook	5	6
2YOYua8FpudSEiB9s88IgQ	Yung Gravy	1502906	74
7n2wHs1TKAczGzO7Dd2rGr	Shawn Mendes	39726187	83
77kULmXAQ6vWer7IIHdGzI	Jordan Davis	734637	71
0BvkDsjIUla7X0k6CSWh1I	Luke Bryan	7726516	75
5H4yInM5zmHqpKIoMNAx4r	Central Cee	1823659	80
3PhoLpVuITZKcymswpck5b	Elton John	10324050	83
6n28c9qs9hNGriNa72b26u	PNAU	191094	73
46xBNx0j6cwY6sD9LgMTm1	Rosa Linn	132437	76
2hlmm7s2ICUX0LVIhVFlZQ	Gunna	4677663	83
4exLIFE8sISLr28sqG1qNX	Travis Barker	394810	69
26dSoYclwsYLMAKD3tpOr4	Britney Spears	11470355	80
43BxCL6t4c73BQnIJtry5v	James Hype	190882	73
45ruzGUmIr8WLjLOPJ9mGU	Miggy Dela Rosa	2537	72
7wlFDEWiM5OoIAt8RSli8b	YoungBoy Never Broke Again	9857626	83
45TgXXqMDdF8BkjA83OM7z	Rod Wave	3831329	77
1aSxMhuvixZ8h9dK9jIDwL	Kate Bush	1517207	74
5WUlDfRSoLAfcVSX1WnrxN	Sia	24752406	82
2TcGJdSOiOvITBzhvfX8XB	Shouse	98415	69
1McMsnEElThX1knmY4oliG	Olivia Rodrigo	21695800	83
1z4g3DjTBBZKhvAroFlhOM	Red Velvet	7704309	70
5rGrDvrLOV2VV8SCFVGWlj	Imanbek	165919	75
0Upxnyh9nIUNSOmNE8WF4R	BYOR	15361	69
3sgFRtyBnxXD5ESfmbK4dl	LMFAO	4093318	65
7sfl4Xt5KmfyDs2T3SVSMK	Lil Jon	1347168	71
0Y5tJX1MQlPlqiwlOH1tJY	Travis Scott	21283824	87
181bsRPaVXVlUKXrxwZfHK	Megan Thee Stallion	7192207	79
0L8ExT028jH3ddEcZwqJJ5	Red Hot Chili Peppers	18616943	81
6lOaHNmL3l3hKDGNf0egfs	Peezy	101298	59
25uiPmTg16RbhZWAqwLBy5	Charli XCX	2698634	75
2dIgFjalVxs4ThymZ67YCE	Stray Kids	9407310	81
2LIk90788K0zvyj2JJVwkJ	Jack Harlow	2649299	81
3qm84nBOXUEQ2vnTfUTTFC	Guns N' Roses	26365394	79
46SHBwWsqBkxI7EeeBEQG7	Kodak Black	8637010	81
0LoKOKvHs0mdc9O9cOZZDA	Deep Sly	33	25
4oLeXFyACqeem2VImYeBFe	Fred again..	365480	74
4uClxFda8FlqQEMNkL7HH3	JZAC	40979	45
7IfMzV4QKQb8HgncsQVdQg	al1sx	1	4
2TBTW8VyChJMjaSXgIbcdb	Bigg Bleet	17	3
5ALcXwMBh6MxbInMWmHElC	Nobu Woods	6184	38
4tITXlzlKxNZu8AMSFVqCa	EBK BCKDOE	10564	46
137W8MRPWKqSmrBGDBFSop	Wiz Khalifa	10768534	81
6awzBEyEEwWHOjLox1DkLr	Girl Talk	195765	49
3gkNs5LQs06WQIqCiabIYt	Lofi Temple	11359	22
6AuqJItfPeHmDlmS9wGwuI	S6LTY	8900	27
40ZNYROS4zLfyyBSs2PGe2	Zach Bryan	765202	80
40QZhjml17oLaOYDJhCyAp	Jerz	10	9
07YUOmWljBTXwIseAUd9TW	Sebastian Yatra	20256084	80
7iK8PXO48WeuP03g8YR51W	Myke Towers	9798630	84
6Eln20liQVihYHqeR1zsEe	a.n.a.m.o.l.y	18	4
1Ix47lCANCUlqXfAa8p0ds	Irca	19	12
3bE5cfwkgfOHzWKjpkT0pu	Alpie	53	16
5mlPiCqcoz6pDrRj90xbJ2	VNM	63387	43
1T4HxOYolAEb5PadIVKdWZ	Gibbs	105614	68
1jGFwoIhmjGm0VMXTsi3dN	Dopehouse	1022	56
3uEpyrmz5CRqpDNFCCQwsy	TegroPay	1	2
0xX3oMVBa3dZ8R0CYCPhrd	Mainetoowavy!	2374	30
5iQ35aViY6b5ILF0cTDz0h	TheLisorML	82	26
6VhMRqAyMakG5oTH7QXUj2	Mudbrudda Bo	122	8
1kz87VY2J1QkOPxgig3rcY	Vonte*	5850	39
1Vvvx45Apu6dQqwuZQxtgW	Kidz Bop Kids	889085	67
6wbEgVlGqWb4I9tbMluu5Q	MONATIK	556115	48
09K3a0notqoP1MFnyBfRAb	Fargo	184	15
4y5IK8VBswkl40ltpHI5o9	Almighty Suspect	49069	34
2Bb57H1EnnHxtpSyOAJF8l	Frostydasnowmann	116253	51
1GVenmuuAtusi17LY6FvgI	Skilla Baby	15507	44
5Yiut7B5Ec52AjszgCO3jY	Petit Voyou	14223	41
4AA8eXtzqh5ykxtafLaPOi	What So Not	296624	56
0bdfiayQAKewqEvaU6rXCv	MØ	1392483	68
3MN2N9m3oekgxhqCuTdv5E	Project Poppa	3723	27
31W5EY0aAly4Qieq6OFu6I	A Boogie Wit da Hoodie	6840488	80
5rW0za70aWRnA8O2rvFiRp	Ella Bands	181	26
2KDTINgANslhPVBfLpNlz0	SACAR aka Lil Buddha	8935	28
4kYSro6naA4h99UJvo89HB	Cardi B	20603673	80
5K4W6rqBFWDnAN6FQUkS6x	Kanye West	18592658	90
3hcs9uc56yIGFCSy9leWe7	Lil Durk	4717209	81
5uvOG0MwnD2ANrxNBUPtNr	1.Cuz	113609	58
0AGwS4zwXlgeTJsee7q3cW	SO-SO	37781	32
5gPr1P9lwFGlprkyiK7mLm	Jack Dawkins	7823	25
6aJqDx4kWbZxfwJzX8knLC	n8atnight	30	14
0XFCcVzqZfMSSdBQdf85NG	Reso Bankroll	0	1
5QdEbQJ3ylBnc3gsIASAT5	G Herbo	1648465	72
6aLoJJxz7MV2iZ423S8tJC	Doe Boy	192017	60
5phpqqI3Eo7iLP8ib64gFs	Karma2zz	1418	27
3t5xRXzsuZmMDkQzgOX35S	Robin Schulz	2979810	80
5gDTo1Um9VlF9PgHk1w6ZM	babyface jay	14	9
5YDTh1UNv9m7n5WRTgbANa	Dalterino	763	35
3eJiAiKXVyokt9bbCAPAGb	Piano by VN	1459	25
6bOPqIecXpaqwWSczw53TR	Big Salley	24	13
1kh37wbvdoKuitDNZhVh07	SauceTh@t	33	19
4MiZV7vZ8WvXB3xzMaijmQ	G Twizz	1137	9
6WEbJueFZyzOeg2O6oNPE9	Nili Hadida	812	9
2Q8o8SsnzwIlQ42cWB77m9	Beyond900	97	13
5VkemxUDiz46ZHPdvh0LX0	ICO	193115	52
1Y3oWBW7oP0ZNweFXUd3RO	Foster	27	11
63nivA3qFXiekXAIwJj0Ed	SauceKeyz	1	21
1vCWHaC5f2uS3yhpwWbIA6	Avicii	22206524	79
2mRDgWrF5x7MOS1X1C1UDF	Semi Tee	176096	34
2GJMSZ7M3D0KyyKRhYgWju	Focalistic	430741	51
2UJRUGgGu9ADntAYptgjmf	Ma Lemon	4056	22
1SIghlrGacKWdkAvAgUdPC	Uriel Produce	283	24
6MLhXv0n3nXVhOnn0VWQGv	Nohell	27	8
21SpEr81vcI4FNg89Ra1Tm	Leama music	5	2
6JcrWArSZYyhGcy1i60wKI	Snoopy Dinero	827	10
6yRoSjTiV0pJB8CubaG4rR	Bagga	89	10
0IDcMcgMwvFbFaGvSvyTXg	Crooger	1318	17
33B4BmIHIFt7uSwbuaSHt8	Eleven Thirteen	465	9
7ar2nUW3BNxwE4GNYdsmXd	Phreyla	197	5
7isOCtA0QGV4lrT9faXqBj	Chanelfather	720	24
1YTHpMKsUx2S20dnfAPDD7	trytoseeghosts	124	13
6mJzJxWhpHXGt7bjDpDAxg	TEKURUMOTOKAKU	5	6
6TLwD7HPWuiOzvXEa3oCNe	Oliver Tree	1935684	79
686J76iPYhjrjMzeVO9hT5	Matt Glo	49	0
3wcj11K77LjEY1PkEazffa	Burna Boy	3723507	79
6Vkbz7gfs3HOlvqCtJ2Rfk	KOIN	49	2
1I7G0PbWHRM34jBZ0CLOE9	2GSpazzoutBaby	19	3
4OPxMZwnQ25fbgbRgGAETV	La Ticc	0	0
5Vuvs6Py2JRU7WiFDVsI7J	Lucky Daye	458035	67
1TuRAouHVEfMALNVLQ1Cau	Nehi Banda	9	12
5Y3MV9DZ0d87NnVm56qSY1	Tiago PZK	2712763	79
6031i29IecfEZ6lfuyrq9E	27 Diamond	25	4
09zadvjBwm2np3wIemkHzU	oubert	37	1
39NXmgnCrupwCWhZbcKlkH	Byron Petrucci	10	3
3AA28KZvwAUcZuOKwyblJQ	Gorillaz	9465736	79
3oTxYvPIeaVa60CkdJbhbS	Milly Racks	139	8
0LcJLqbBmaGUft1e9Mm8HV	ABBA	8998451	78
14zUHaJZo1mnYtn6IBRaRP	Justin Quiles	3774797	79
2WBJQGf1bT1kxuoqziH5g4	Purple Disco Machine	453037	71
7FNnA9vBm6EKceENgCGRMb	Anitta	12331517	78
2wIVse2owClT7go1WT98tk	Missy Elliott	2073707	69
07YZf4WDAMNwqr4jfgOZ8y	Jason Derulo	11589800	78
1U1el3k54VvEUzo3ybLPlM	Kali Uchis	3266620	78
3Isy6kedDrgPYoTS1dazA9	Sean Paul	4096135	78
02QYcz7JjwzKiKGHg53rZY	Sasha	7117	53
4RPAm27zZnyxkEEpdWmrd0	Jeremy Harding	314	53
110deyrdzDK0DIuHPeQgKL	Murray Elias	214	53
3vQ0GE3mI0dAaxIMYe5g7z	Paulo Londra	19172291	78
1bAftSH8umNcGZ0uyV7LMg	Duki	7200536	83
5H1nN1SzW0qNeUEZvuXjAj	Danny Ocean	4472321	78
0WwSkZ7LtFUFjGjMZBMt6T	Dire Straits	6143656	73
0X2BH1fck6amBIoJhDVmmJ	Ellie Goulding	11283565	78
20JZFwl6HVl6yg8a4H3ZqK	Panic! At The Disco	11506537	77
4Gso3d4CscCijv0lmajZWs	Don Toliver	2337318	77
4iHNK0tOyZPYnBU7nGAgpQ	Mariah Carey	8266627	77
5xYNmNkaWRqu3e5F4UXME8	Alfredo Olivas	4890078	77
4OrieSJUghNfNx5UuPCgxF	Robin Williams	153139	40
7MzVbMozPCJRYjXq7pilQQ	Thizzler On The Roof	1176	38
1pWm8RcyiWZehSnb38i4fM	Young Slo-Be	46648	58
4lPU30QB53QTUVhkjcb0WS	EBK Young Joc	47648	52
7oXvysW3peGY3AEa17WoFt	EBK Trey B	5245	39
63yrD80RY3RNEM2YDpUpO8	Melanie Martinez	15440015	76
2QoU3awHVdcHS8LrZEKvSM	Wilco	671397	59
7FBcuc1gsnv6Y1nwFtNRCb	My Chemical Romance	7161399	76
1bfl0AU8SqmLkElptOprhC	Julión Álvarez y su Norteño Banda	1780837	77
5y2Xq6xcjJb2jVM54GHK3t	John Legend	6297412	76
3MIwMeYV8vmgQFbbRiJTp2	Jeannie C. Riley	61721	39
1Mxqyy3pSjf8kZZL4QVxS0	Frank Sinatra	5861869	75
768KV6PLzzcqy1CRCMFUNW	Baby Racks	2648	49
0ErzCpIMyLcjPiwT4elrtZ	NLE Choppa	5270461	76
5me0Irg2ANcsgc93uaYrpb	The Notorious B.I.G.	8192563	76
7c0XG5cIJTrrAgEC3ULPiq	Ty Dolla $ign	4393774	80
4QorJVeBcR8p3rOveZtpSk	Bella Alubo	38174	42
3e7awlrlDSwF3iM0WBjGMp	Little Mix	10860396	76
62F9BiUmjqeXbBztCwiX1U	Lil Darkie	1201131	70
5IH6FPUwQTxPSXurCrcIov	Alec Benjamin	3889585	75
2KEqzdPS7M5YwGmiuPTdr5	Rina Sawayama	822306	66
5F1aAS1duwlzExnPs3l2Xe	Pooh Shiesty	1009065	70
4FlG0V0jhLO4qGpayFOphj	EST Gee	310979	71
5ZS223C6JyBfXasXxrRqOk	Jhené Aiko	5923243	76
4NHQUGzhtTLFvgF5SZesLK	Tove Lo	3156845	75
6Ghvu1VvMGScGpOUJBAHNH	Deftones	3135442	75
4jogXSSvlyMkODGSZ2wc2P	Calibre 50	8764332	76
0xRXCcSX89eobfrshSVdyu	MEDUZA	565937	75
2nm38smINjms1LtczR0Cei	Goodboys	42108	69
6mEQK9m2krja6X1cfsAjfl	Ado	1744338	75
2RQXRUsr4IW1f3mKyKsy4B	Noah Kahan	548440	75
0ZED1XzwlLHW4ZaG4lOT6m	Julia Michaels	4613817	73
4NJhFmfw43RLBLjQvxDuRS	Wolfgang Amadeus Mozart	4699491	74
0njRx4nljcrOPrIMm1hyci	Ralph Kirkpatrick	839	15
5KNNVgR6LBIABRIomyCwKJ	Dermot Kennedy	1192767	73
3dAzSJ9lQnJSq5Z0OgDBep	Brad Kane	10898	53
1GlMjIezcLwV3OFlX0uXOv	Lea Salonga	162932	58
3xvaSlT4xsyk6lY1ESOspO	Disney	242862	80
1GxkXlMwML1oSg5eLPiAz3	Michael Bublé	5495760	75
3lPQ2Fk5JOwGWAF3ORFCqH	John Mellencamp	1419089	64
0p4nmQO2msCgU4IF37Wi3j	Avril Lavigne	9251233	75
2cFrymmkijnjDg9SS92EPM	blackbear	4796849	78
6TIYQ3jFPwQSRmorSezPxX	Machine Gun Kelly	4849636	79
6piIAIurGAryW5h1rqQC16	Passion	370632	59
61fqRzZ9aHyPeTdUIqEEFx	Kristian Stanfill	119085	55
5YxebzzreNswbtYC1td4cx	Tasha Cobbs Leonard	946239	57
3YChYj3gO6EJmFwI79cUSe	Anna Golden	21516	47
0cGUm45nv7Z6M6qdXYQGTX	Kehlani	6256735	74
5FxD8fkQZ6KcsSYupDVoSO	Omar Apollo	642169	74
5LfGQac0EIXyAN8aUwmNAQ	The Offspring	4752307	74
7guDJrEfX3qb6FEbdPA5qi	Stevie Wonder	5850027	74
6MDME20pz9RveH9rEXvrOM	Clean Bandit	4959655	74
4k1cMkJjG3UCRptckbpAnC	French The Kid	128430	62
7gOdHgIoIKoe4i9Tta6qdD	Jonas Brothers	6577386	74
1VBflYyxBhnDc9uVib98rw	Icona Pop	685212	64
3b8QkneNDz4JHKKKlLgYZg	Florida Georgia Line	4963545	74
6roFdX1y5BYSbp60OTJWMd	Tim McGraw	4177211	69
5Wg2b4Mp42gicxEeDNawf7	A7S	38921	70
6sFIWsNpZYqfjUpaCgueju	Carly Rae Jepsen	5165611	74
6bDWAcdtVR3WHz2xtiIPUi	Fujii Kaze	1199954	74
509uujzfVFQeEMnsgGTjNO	Laura Mellencamp	2	13
2wUjUUtkb5lvLKcGKsKqsR	Alessia Cara	10814998	73
0ZCO8oVkMj897cKgFH7fRW	Los Ángeles Azules	6377893	74
2UZIAOlrnyZmyzt1nuXr9y	Nicki Nicole	3409074	75
1dABGukgZ8XKKOdd2rVSHM	Lofi Fruits Music	763524	78
34b7j3TqM5ramjmt2mc8tB	Chill Fruits Music	75504	77
3GBPw9NK25X1Wt2OUvOwY3	Jack Johnson	3493933	74
10exVja0key0uqUkk6LJRT	Vance Joy	2693773	74
1mhlGWeiNrWnhJJc2EufYk	Gene Kelly	82787	44
1i8SpTcr7yvPOmcqrbnVXY	Ozuna	34147816	87
0GOx72r5AAEKRGQFn3xqXK	GIMS	3618091	69
6O9WquDfQTxGRZqZUXVEQx	RedOne	53537	51
5C01hDqpEmrmDfUhX9YWsH	FIFA Sound	1420	49
5rSXSAkZ67PYJSvpUpkOr7	Backstreet Boys	4815411	74
3Z02hBLubJxuFJfhacLSDc	Bryan Adams	2814071	73
6dn6x1XOng3LOAnfTjUn77	AJ Mitchell	814146	61
2hR4h1Cao2ueuI7Cx9c7V8	Cavetown	3474079	73
3hYtANQYrE6pd2PbtEyTIy	Los Tigres Del Norte	4028731	74
1HBjj22wzbscIZ9sEb5dyf	Jonas Blue	3651937	73
1INuLZXjjVbcJRyWvD1iSq	Jack & Jack	1382537	60
2wOqMjp9TyABvtHdOSOTUS	Ludwig van Beethoven	4547197	70
4YqGpFG9xqeryfOQ42Iu6p	Yegor Dyachkov	23	15
2aEst9M9mH1HekrB1fjT6v	Jean Saulnier	34	15
1gPhS1zisyXr5dHTYZyiMe	Kevin Gates	5422233	73
5gCRApTajqwbnHHPbr2Fpi	Juicy J	2923834	73
5M9Bb4adKAgrOFOhc05Y50	Pablo Alborán	4639533	73
4GvEc3ANtPPjt1ZJllr5Zl	Bazzi	5196281	72
2gBjLmx6zQnFGQJCAQpRgw	Nelly	2266431	73
0huGjMyP507tBCARyzSkrv	Cordae	1822796	66
3win9vGIxFfBRag9S63wwf	Bailey Zimmerman	250181	72
4S9EykWXhStSc15wEx8QFK	Céline Dion	6706977	72
5bSfBBCxY8QAk4Pifveisz	La Arrolladora Banda El Limón De Rene Camacho	5417090	73
6sq1yF0OZEWA4xoXVKW1L9	Alejandro Fernández	6155673	75
4sTQVOfp9vEMCemLw50sbu	Galantis	3282138	72
0M2CO5ijP35MDhNwvpgxTV	sped up nightcore	36284	72
3TOqt5oJwL9BE2NG9MEwDa	Disturbed	5611523	72
6uVeWolwyRDrT84lLsaZyW	Suicide	143756	40
7pwufEBGfggjoI8twqlsmQ	Nessa Barrett	896763	72
6x2LnllRG5uGarZMsD4iO8	Thomas Rhett	4265057	72
5IbEL2xjRtKsunfmsahLuO	$NOT	1206862	72
13ubrt8QOOCPljQ2FL1Kca	A$AP Rocky	11466030	80
3jOstUTkEu2JkjvRdBA5Gu	Weezer	2917597	72
45eNHdiiabvmbp4erw26rg	ILLENIUM	1306784	71
33qOK5uJ8AR2xuQQAhHump	Teddy Swims	578340	66
4yiQZ8tQPux8cPriYMWUFP	Gwen Stefani	5608520	71
58R30oixEWaD1YGduLJpR5	Dylhen	2056	29
4MzJMcHQBl9SIYSjwWn8QW	Spiritbox	324725	58
1UTPBmNbXNTittyMJrNkvw	Blake Shelton	6719620	69
2VZNmg4vCnew4Pavo8zDdW	Max Richter	806172	71
1PMibp1HV8tdZaib2DXOdH	Elena Urioste	1169	43
7FKUsKktgY7Zf8iAL6wOls	Chineke! Orchestra	4222	52
22wbnEMDvgVIAGdFeek6ET	Benson Boone	456276	71
048LktY5zMnakWq7PTtFrz	CKay	1070949	71
1vSN1fsvrzpbttOYGsliDr	Tori Kelly	2062847	65
4MoAOfV4ROWofLG3a3hhBN	Jon Pardi	1503585	70
2QMsj4XJ7ne2hojxt6v5eb	Riley Green	483064	66
4boI7bJtmB1L3b1cuL75Zr	Mon Laferte	4943817	71
5vngPClqofybhPERIqQMYd	George Strait	3457499	71
056KMTw6IztdQjBmFfVyO3	Rkomi	1256751	71
7b79bQFziJFedJb75k6hFt	Tion Wayne	695305	71
3iAhNz3e31lBuXYOsqGsf3	Unknown T	272071	61
2Kx7MNY7cI1ENniW7vT30N	Norah Jones	2859652	71
4QTVePrFu1xuGM9K0kNXkk	Dexys Midnight Runners	206731	60
7ipGLKpbyUOKFaji4MY19m	Kevin Rowland	2676	50
7z5WFjZAIYejWy0NI5lv4T	Dan + Shay	2776123	71
4f0OXMMSxr0r8Ztx6CdpAl	Sub Zero Project	146488	60
4XC335ouK6pXyq4QiIb8bP	Eliza Rose	21569	70
6uJ51uV5rYzu1MJkC4CceI	Interplanetary Criminal	19202	70
3Fe3pszR2t4TOBVz41B1WR	The Oh Hellos	355151	60
018L74CAnDhySqnw89CLBb	喵☆酱	553	35
0qKXd5MxIyOqdQg1jdmpXa	花玲	214	35
1C6GzBn0BnVSGAb5AfwIVP	爆裂菊是也	53	35
6cK3NBO6uP7hh0oyuVELFl	Saweetie	1683250	71
3Y7RZ31TRPVadSFVy1o8os	H.E.R.	5661164	74
0hItVPjwJLVZrFqOyIsxPf	Judy Garland	215844	50
7mEIug7XUlQHikrFxjTWes	Neil Diamond	2157062	66
080apEI56n6y4wL1epxCDo	‘Into The Woods’ 2022 Broadway Cast	395	38
2y8Jo9CKhJvtfeKOsYzRdT	Rod Stewart	3829803	71
49bzE5vRBRIota4qeHtQM8	Skillet	4326273	70
3K2zB87GZv1krx031en5VA	La Roux	625282	63
4mxWe1mtYIYfP040G38yvS	Alan Jackson	2122471	70
3oDbviiivRWhXwIE8hxkVV	The Beach Boys	3860670	70
3dRfiJ2650SZu6GbydcHNb	John Williams	1167401	70
2gsggkzM5R49q6jpPvazou	Jessie J	10493952	70
4xFUf1FHVy696Q1JQZMTRj	Carrie Underwood	5456816	70
2Sqr0DXoaYABbjBo9HaMkM	Sara Bareilles	1842991	65
77tT1kLj6mCWtFNqiOmP9H	Daryl Hall & John Oates	1937265	70
027TpXKGwdXP7iwbjUSpV8	The Walters	420196	70
2NjfBq1NflQcKSeiDooVjY	Tones And I	2982637	70
6QrQ7OrISRYIfS5mtacaw2	Jaymes Young	830398	70
5p9CTsn5ueGU4oScNX1axu	August Burns Red	629784	54
71jSVPQ6yskfyvWeiwvT5s	S1mba	75486	61
6AcOTCYBMvjKYy4zms0kaC	Banda El Recodo	3201475	70
32vWCbZh0xZ4o9gkz4PsEU	Dolly Parton	1935099	69
4tw2Lmn9tTPUv7Gy7mVPI4	Kenny Rogers	2223905	66
4rTv3Ejc7hKMtmoBOK1B4T	Ali Gatie	1971124	69
5rkVyNGXEgeUqKkB5ccK83	Ashanti	2552085	70
0Y4inQK6OespitzD6ijMwb	Freddie Gibbs	1070742	69
7H55rcKCfwqkyDFH9wpKM6	Christina Perri	3409616	70
1QL7yTHrdahRMpvNtn6rI2	George Frideric Handel	772658	64
44QKSpMVTzPZGcOegCwtIf	Mario Sollazzo	1103	35
78rUTD7y6Cy67W1RVzYs7t	PinkPantheress	1249727	69
07UJz804RJxqNvxFXC3h9H	Sam Gellaitry	104169	54
2jnIB6XdLvnJUeNTy5A0J2	Why Don't We	3366616	69
1pHMYguhayIoXmPjoOUyu3	HAECHAN	101701	42
0u2FHSq3ln94y5Q57xazwf	Keith Urban	4908083	69
73jBynjsVtofjRpdpRAJGk	Dimitri Vegas & Like Mike	3278708	69
03tes5RhEvH2dX2eDeGnRn	Age Of Love	17316	51
29zsVzEH33dD5QqxeL8dvy	Vini Vici	456230	61
0FNW4zTrB6JjDb5ctjbX28	Clara Ward	5669	26
6rs1KAoQnFalSqSU4LTh8g	back number	3269199	70
1bDWGdIC2hardyt55nlQgG	"""Weird Al"" Yankovic"	687768	57
3u4qXYRgHgU7YtjZt9sduX	Eyelar	5787	56
1XkoF8ryArs86LZvFOkbyr	Mary J. Blige	3333647	69
6GI52t8N5F02MxU0g5U69P	Santana	2785374	69
3WtrH1zNpzoPSz6XpwCh6y	Delilah Montagu	12136	49
70BYFdaZbEKbeauJ670ysI	Shinedown	3592701	69
0haZhu4fFKt0Ag94kZDiz2	Sofía Reyes	2718930	69
3EiLUeyEcA6fbRPSHkG5kb	De La Ghetto	6371597	79
1W7FNibLa0O0b572tB2w7t	Pink Sweat$	1454732	69
3BEV5FcxOtkQJ7lLRKMh3V	Tyler Hubbard	30103	64
60uh2KYYSCqAgJNxcU4DA0	Hombres G	3371778	70
0Rub4w3La02r6o7i3t9SC2	Smg4	29494	41
5MspMQqdVbdwP6ax3GXqum	Annie Lennox	1275285	69
6VUdDU44uo3KwSHc9lAEFE	The Clark Sisters	240007	40
0XSz7OqyhKBKRq4ZU8WpAo	KAMILLE	13277	40
4QTm9TRLBaMhCqQE96ETN6	Nathan Archie	4473	31
2sil8z5kiy4r76CRTXxBCA	The Goo Goo Dolls	2355966	69
5zatdvej2AxogC5pbu2msR	BERWYN	32089	44
5p9zQL75ZiIbZHkgl4xoA0	Guante	2729	21
2i9uaNzfUtuApAjEf1omV8	Wet	250716	52
3KNIG74xSTc3dj0TRy7pGX	Yung Bleu	1189532	66
4IVAbR2w4JJNJDDRFP3E83	6LACK	3742416	74
1QnifH4HAt0yWP9A9IcoMK	Winnie Raeder	4846	30
2KsP6tYLJlTBvSUxnwlVWa	Mike Posner	1304264	69
7mnBLXK823vNxN3UWB7Gfz	The Black Keys	3757057	69
1gl0S9pS0Zw0qfa14rDD3D	Surf Curse	815057	69
1bqxdqvUtPWZri43cKHac8	MAX	776754	69
3pc0bOVB5whxmD50W79wwO	keshi	1969166	74
74lRkEloOvori8dZJjNEjd	The Wild	2063	54
1m7V9rstnZ264nGJe9MDUq	Chilled Pig	1132	55
0ZUvK7zGdXLd78mQr3t1Tw	Ricky Montgomery	1322772	69
0SfsnGyD8FpIN4U4WCkBZ5	Armin van Buuren	4123618	72
2e4nwiX8ZCU09LGLOpeqTH	Laura Pausini	2140152	69
6Ls7jvEOGiaPP5smBdptcF	Patrick Williams Orchestra	182	25
0V2oXYR7DtrZAEFeILRW2r	Lvbel C5	933049	69
4QvgGvpgzgyUOo8Yp8LDm9	Mrs. GREEN APPLE	2226453	69
1DTZRmlVZBxx2wRQBtx6yi	Midland	234853	61
7JDSHlDdVTo7aZKdQZ53Vf	Static-X	1223253	56
19eLuQmk9aCobbVDHc6eek	Louis Armstrong	2563438	68
5dlCVmfRbWVGOJYHzGyk32	Benny Carter	23753	42
4Q5MS10mWfrDyiXVeAAzVd	T2	8814	48
02oexF6HrOu87MXwCt46Jd	ARPA	101	40
3xGQQ8pYMw09C0YDkVS4mr	DB.Boutabag	41409	50
6Tcv81NwhshAZnSsoJT0WI	Lil Seeto	37594	44
1D8twu2cuGQdILSS02MqLW	Kai Bandz	19461	43
6rMFRIfxuuGJI8AqWiu8Qs	KFlex	9	29
3VrWSWV74xyECVDt2zBy4T	The Commanders	963	41
1MIVXf74SZHmTIp4V4paH4	Mabel	1696908	68
2x9SpqnPi8rlE9pjHBwmSC	Talking Heads	1983022	68
5wbf52LA6kcaboHSN6NEF1	PEDRO SAMPAIO	1972181	68
1etNnR2SdlelBQAICa2Q5m	Mc Pedrinho	3938874	68
70kkdajctXSbqSMJbQO424	Kacey Musgraves	1175303	68
2GEW6nJjHKAFyqnsE3TdWx	Zooey Deschanel	33467	49
6A12UtHHfMyax9RMZLQR7y	The Quebe Sisters	3841	25
7gAppWoH7pcYmphCVTXkzs	The Vamps	5417506	68
49e4v89VmlDcFCMyDv9wQ9	Dean Martin	1381717	68
4kYGAK2zu9EAomwj3hXkXy	JP Cooper	807216	68
3AVfmawzu83sp94QW7CEGm	Astrid S	1262238	66
4ehtJnVumNf6xzSCDk8aLB	Martin Jensen	1297882	65
1UjxAZqzphB1tsMb1aWBj0	Omega	189534	58
2aiM1OfMODFLUXaQgEVPK1	Cuban Deejays	2787	56
4VMYDCV2IEDYJArk749S6m	Daddy Yankee	30059267	86
73Np75Wv2tju61Eo9Zw4IR	Idina Menzel	401893	68
1MRiIeZbc0cRuxOafDUCtH	BLANCO	1243165	68
23TFHmajVfBtlRx5MXqgoz	Sfera Ebbasta	5047607	76
0FEJqmeLRzsXj8hgcZaAyB	Indila	1021493	68
3klZnJvYGIbWritVwQD434	Duncan Laurence	439144	68
3qnGvpP8Yth1AqSBMqON5x	Leon Bridges	1459832	70
00FQb4jTyendYWaN8pK0wa	Lana Del Rey	18534305	88
7v4imS0moSyGdXyLgVTIV7	Nat King Cole	1918399	67
6jTjjAjvYvMYfaqi837p5x	L'Arc-en-Ciel	683479	55
66oKiXdIQP7MwN0gPUY0FD	Bruce Adler	2405	43
3Xj8xqJUruJ2moKunjaf0d	Sir Arthur Conan Doyle	10175	63
1hqkLVHqT6V4ai3lZoWj7U	Charles Fraser	32	40
0BZm9hxmJpSbcRlZXRDuk8	Christoph Hackenberg	685	46
5yOvAmpIR7hVxiS6Ls5DPO	Omah Lay	764891	67
581C5Qwl87TskfBEzuoisu	Cafuné	116436	67
26AHtbjWKiwYzsoGoUZq53	Pentatonix	3391106	67
6wPhSqRtPu1UhRCDX5yaDJ	The Pussycat Dolls	5245052	67
0liyb0PPDyu3pfG7WZtsxO	Dick Stabile And His Orchestra	299	45
