id	name	genres	followers	popularity
6FqXAd1hQl7vVdIQ3hhtgc	D. Savage	plugg, pluggnb, rap, underground hip hop, vapor trap, viral rap	401672	59
06HL4z0CvFAxyc27GXpf02	Taylor Swift	pop	61597049	100
2uRjuSX3CCVJO0KBA518XG	L.S. Dunes		32211	42
64tNsm6TnZe2zpcMVMOoHL	Alice In Chains	alternative metal, alternative rock, grunge, hard rock, nu metal, rock	4193537	70
1zNqDE7qDGCsyzJwohVaoX	Anne-Marie	dance pop, pop, pop dance, post-teen pop, tropical house, uk pop	10179165	76
0kdCOThNPqujCtumv0fG96	Dre Cannon Music		189	29
47mIJdHORyRerp4os813jD	League of Legends	speedrun, video game music	1515248	78
6eUKZXaKkcviH0Ku9w2n3V	Ed Sheeran	pop, uk pop	104581897	89
3L8FZaw2Rg1oUw3vB4gUME	Bazanji	pop rap	236225	59
5f7VJjfbwm532GiveGC0ZK	Lil Baby	atl hip hop, atl trap, rap, trap	12010642	89
1uNFoZAHBGtllmzznpCI3s	Justin Bieber	canadian pop, pop	67146152	89
6O74knDqdv3XaWtkII7Xjp	Boyz II Men	boy band, contemporary r&b, new jack swing, r&b, urban contemporary	2604482	64
7cwYKm54nTTbnm0UnH0xBe	Baby Storme		43566	34
0NwTAtq8aQEly8SEPqFokX	Alex Cain		40	19
02da1vDJ2hWqfK7aJL6SJm	Soul Asylum	alternative rock, grunge, permanent wave, pop rock, post-grunge, rock	531923	54
23zg3TcAtWQy7J6upgbUnj	Usher	atl hip hop, contemporary r&b, dance pop, pop, r&b, south carolina hip hop, urban contemporary	10081756	77
6clbbhnIqpHnqxwtOWcilg	Little River Band	album rock, art rock, classic rock, country rock, folk rock, mellow gold, rock, singer-songwriter, soft rock, yacht rock	995587	56
3Bd1OhtszKkeWwN1pIQxyP	Cartier Camo		207	19
1l528yNr0Jpv2dqg4r06kI	Battz	christian trap	6193	34
1Cs0zKBU1kc0i8ypK3B9ai	David Guetta	big room, dance pop, edm, pop, pop dance	24946642	88
4EPJlUEBy49EX1wuFOvtjK	Becky Hill	dance pop, edm, pop, pop dance, pop house, tropical house, uk dance	555489	76
7nDsS0l5ZAzMedVRKPP8F1	Ella Henderson	dance pop, pop, pop dance, post-teen pop, talent show, tropical house, uk pop	1456781	73
4bthk9UfsYUYdcFyqxmSUU	Tears For Fears	new romantic, new wave, new wave pop, permanent wave, rock, sophisti-pop, synthpop	2583677	72
53SJovBw6wYRNkrqfccLLh	Zazenkai		6846	37
3Xp2zhqhMeT9j9bNIeyZWU	Angel Ruediger		1462	34
42IAg1RgfyE8c66KZcSlSR	saturn	glitchcore, hyperpop	31382	39
2wY79sveU1sp5g7SokKOiI	Sam Smith	dance pop, pop, uk pop	20643096	87
6FFSTXo40QrNA2tpT1xbq0	Fother Muckers	chilean indie, chilean rock, latin rock	73492	43
3WrFJ7ztbogyGnTHbHJFl2	The Beatles	beatlesque, british invasion, classic rock, merseybeat, psychedelic rock, rock	23863515	82
0du5cEVh5yTK9QJze8zA0C	Bruno Mars	dance pop, pop	44114553	86
3jK9MiCrA42lLAdMGUZpwa	Anderson .Paak	escape room	2248555	77
6PvvGcCY2XtUcSRld1Wilr	Silk Sonic	neo soul	742262	72
5aIqB5nVVvmFsvSdExz408	Johann Sebastian Bach	baroque, classical, early music, german baroque	3751403	75
3iamDPaou6RYgX0C43Qm6j	Karl Richter	classical organ	7950	46
4O15NlyKLIASxsJ0PrXPfz	Lil Uzi Vert	melodic rap, philly rap, rap, trap	13972014	84
5Pwc4xIPtQLFEnJriah9YJ	OneRepublic	piano rock, pop	14465053	83
04gDigrS5kc9YWfZHwBETP	Maroon 5	pop	38456780	84
1HY2Jd0NmPuamShAr6KMms	Lady Gaga	art pop, dance pop, pop	23679494	84
7IEs29neldWttflhIzGhCX	Space Cowboy		10551	40
329e4yvIujISKGKz1BZZbO	Farruko	latin hip hop, reggaeton, trap latino	14232523	83
246dkjvS1zLTtiykXe5h60	Post Malone	dfw rap, melodic rap, rap	38650816	87
757aE44tKEUQEqRuT6GnEB	Roddy Ricch	melodic rap, rap, trap	8536703	79
0eDvMgVFoNV3TpwtrVCoTj	Pop Smoke	brooklyn drill	11382430	82
4pnp4w9g30yLfVIAFnZMRd	ACRAZE		77918	68
1c70yCa8sRgIiQxl3HOEFo	Cherish	atl hip hop, dance pop, girl group, hip pop, r&b, southern hip hop, urban contemporary	553410	67
6M2wZ9GZgrQXHCFfjv46we	Dua Lipa	dance pop, pop, uk pop	37031742	87
2tIP7SsRs7vjIcLrU85W8J	The Kid LAROI	australian hip hop, pop	4066157	80
4nDoRrQiYLoBzwC5BhVJzF	Camila Cabello	dance pop, pop, post-teen pop	28428729	80
6vWDO969PvNqNYHIOW5v0m	Beyoncé	dance pop, pop, r&b	32576689	86
6jJ0s89eD6GaHleKKya26X	Katy Perry	dance pop, pop	23289513	83
0QHgL1lAIqAw0HtD7YldmP	DJ Khaled	hip hop, miami hip hop, pop rap, rap, southern hip hop, trap	8608394	78
3TVXtAsR1Inumwj472S9r4	Drake	canadian hip hop, canadian pop, hip hop, rap, toronto rap	68477309	96
2hlmm7s2ICUX0LVIhVFlZQ	Gunna	atl hip hop, hip hop, melodic rap, rap, trap	4679873	83
1RyvyyTE3xzB2ZywiAwp0i	Future	atl hip hop, hip hop, rap, southern hip hop, trap	12389535	87
50co4Is1HCEo8bhOyUWKpn	Young Thug	atl hip hop, atl trap, gangster rap, hip hop, melodic rap, pop rap, rap, southern hip hop, trap	7580612	82
2VSHKHBTiXWplO8lxcnUC9	GAYLE	modern alternative pop	536015	69
6VuMaDnrHyPL1p4EHjYLi7	Charlie Puth	dance pop, pop, viral pop	18135305	83
64KEffDW9EtZ1y2vBYgq8T	Marshmello	brostep, dance pop, edm, pop, pop dance, progressive electro house	34486773	82
4MCBfE4596Uoi2O4DtmEMz	Juice WRLD	chicago rap, melodic rap	26287826	88
0Njy6yR9LykNKYg9yE23QN	Nardo Wick	florida rap, rap, trap	474920	73
6HaGTQPmzraVmaVxvz6EUc	Jung Kook	k-pop	4423268	74
3Nrfpe0tUJi4K4DXYWgMUX	BTS	k-pop, k-pop boy group	56892002	90
7n2wHs1TKAczGzO7Dd2rGr	Shawn Mendes	canadian pop, dance pop, pop, viral pop	39734793	83
46pWGuE3dSwY3bMMXGBvVS	Rema	nigerian pop	1325253	78
0C8ZW7ezQVs4URX5aX7Kqx	Selena Gomez	dance pop, pop, post-teen pop	38238318	83
2qAwMsiIjTzlmfAkXKvhVA	Armani White	indie hip hop	185784	70
64M6ah0SkkRsnPGtGiRAbb	Bebe Rexha	dance pop, edm, pop, post-teen pop	7677843	83
4exLIFE8sISLr28sqG1qNX	Travis Barker	rap rock	394961	69
5cj0lLjcoR7YOSnhnX0Po5	Doja Cat	dance pop, pop	22747408	86
1Xyo4u8uXC1ZmMpatF05PJ	The Weeknd	canadian contemporary r&b, canadian pop, pop	52009673	93
7wlFDEWiM5OoIAt8RSli8b	YoungBoy Never Broke Again	baton rouge rap, trap	9862444	83
45TgXXqMDdF8BkjA83OM7z	Rod Wave	florida rap	3834568	77
0VRj0yCOv2FXJNP47XQnx5	Quavo	atl hip hop, hip hop, melodic rap, pop rap, rap, southern hip hop, trap	6028247	80
3EW0kQ1skZiK1NHg3Spt9J	Takeoff	atl hip hop, rap, southern hip hop, trap	1336033	75
13y7CgLHjMVRMDqxdx0Xdo	Gucci Mane	atl hip hop, dirty south rap, gangster rap, hip hop, pop rap, rap, southern hip hop, trap	4521724	76
5WUlDfRSoLAfcVSX1WnrxN	Sia	australian dance, australian pop, dance pop, pop	24759973	82
2o5jDhtHVPhrJdv3cEQ99Z	Tiësto	big room, brostep, dance pop, dutch edm, edm, house, pop, pop dance, slap house, trance, tropical house	6571720	82
4npEfmQ6YuiwW1GpUmaq3F	Ava Max	dance pop, pop	5682550	79
1z4g3DjTBBZKhvAroFlhOM	Red Velvet	k-pop, k-pop girl group	7707752	70
1URnnhqYAYcrqrcwql10ft	21 Savage	atl hip hop, rap	11946329	90
0Y5tJX1MQlPlqiwlOH1tJY	Travis Scott	rap, slap house	21289353	87
2YZyLoL8N0Wb9xBt1NhZWg	Kendrick Lamar	conscious hip hop, hip hop, rap, west coast rap	21876467	87
4yvcSjfu4PC0CYQyLy4wSq	Glass Animals	gauze pop, indietronica, shiver pop	3438280	77
2YOYua8FpudSEiB9s88IgQ	Yung Gravy	minnesota hip hop	1503601	74
5H4yInM5zmHqpKIoMNAx4r	Central Cee	drill brasileiro, melodic drill	1827528	79
25uiPmTg16RbhZWAqwLBy5	Charli XCX	art pop, candy pop, dance pop, electropop, metropopolis, pop, post-teen pop, uk pop	2699426	75
46xBNx0j6cwY6sD9LgMTm1	Rosa Linn	alt z	133219	76
7ltDVBr6mKbRvohxheJ9h1	ROSALÍA	r&b en espanol	6209077	84
3qm84nBOXUEQ2vnTfUTTFC	Guns N' Roses	glam metal, hard rock, rock	26374947	79
7nqOGRxlXj7N2JYbgNEjYH	SEVENTEEN	k-pop, k-pop boy group	7807244	78
77kULmXAQ6vWer7IIHdGzI	Jordan Davis	contemporary country, country, country road	735214	71
0BvkDsjIUla7X0k6CSWh1I	Luke Bryan	contemporary country, country, country road	7728808	75
3PhoLpVuITZKcymswpck5b	Elton John	glam rock, mellow gold, piano rock	10329022	83
6n28c9qs9hNGriNa72b26u	PNAU	alternative dance, aussietronica, australian dance, australian electropop	191144	73
0L8ExT028jH3ddEcZwqJJ5	Red Hot Chili Peppers	alternative rock, funk metal, funk rock, permanent wave	18621914	81
26dSoYclwsYLMAKD3tpOr4	Britney Spears	dance pop, pop	11473355	80
43BxCL6t4c73BQnIJtry5v	James Hype	deep groove house, house, pop dance, uk dance	191201	73
45ruzGUmIr8WLjLOPJ9mGU	Miggy Dela Rosa	dance pop	2543	72
4oLeXFyACqeem2VImYeBFe	Fred again..	edm, house	367806	74
1aSxMhuvixZ8h9dK9jIDwL	Kate Bush	art pop, art rock, baroque pop, new wave pop, permanent wave, piano rock, singer-songwriter	1518368	74
46SHBwWsqBkxI7EeeBEQG7	Kodak Black	florida rap, hip hop, melodic rap, miami hip hop, rap, trap	8639867	81
5rGrDvrLOV2VV8SCFVGWlj	Imanbek	dance pop, edm, electro house, pop dance, slap house, tropical house	166030	75
0Upxnyh9nIUNSOmNE8WF4R	BYOR	russian edm	15374	69
1McMsnEElThX1knmY4oliG	Olivia Rodrigo	pop	21713313	83
2LIk90788K0zvyj2JJVwkJ	Jack Harlow	deep underground hip hop, kentucky hip hop, pop, rap	2651396	81
7jVv8c5Fj3E9VhNjxT4snq	Lil Nas X	lgbtq+ hip hop, pop	12009312	81
2TcGJdSOiOvITBzhvfX8XB	Shouse	aussietronica, edm, pop dance, tropical house	98526	69
137W8MRPWKqSmrBGDBFSop	Wiz Khalifa	dance pop, hip hop, pittsburgh rap, pop rap, rap, southern hip hop, trap	10769768	81
6awzBEyEEwWHOjLox1DkLr	Girl Talk	mashup, pittsburgh indie	195809	49
3sgFRtyBnxXD5ESfmbK4dl	LMFAO	dance pop, pop rap	4093886	65
7sfl4Xt5KmfyDs2T3SVSMK	Lil Jon	atl hip hop, crunk, dance pop, dirty south rap, old school atlanta hip hop, pop rap, southern hip hop	1347418	71
07YUOmWljBTXwIseAUd9TW	Sebastian Yatra	colombian pop, reggaeton colombiano	20261311	80
7iK8PXO48WeuP03g8YR51W	Myke Towers	reggaeton, trap latino	9803744	83
181bsRPaVXVlUKXrxwZfHK	Megan Thee Stallion	dance pop, houston rap, pop, rap, trap queen	7194611	79
40ZNYROS4zLfyyBSs2PGe2	Zach Bryan	oklahoma country	768050	81
6lOaHNmL3l3hKDGNf0egfs	Peezy	detroit trap	101458	59
1Vvvx45Apu6dQqwuZQxtgW	Kidz Bop Kids	children's music	889510	67
0LoKOKvHs0mdc9O9cOZZDA	Deep Sly		33	26
4uClxFda8FlqQEMNkL7HH3	JZAC	canadian hip hop, deep underground hip hop	41000	45
4AA8eXtzqh5ykxtafLaPOi	What So Not	aussietronica, edm, electro house, electronic trap, electropop, escape room, future bass, vapor twitch	296657	56
0bdfiayQAKewqEvaU6rXCv	MØ	dance pop, danish pop, edm, electropop, pop, tropical house	1392705	68
7IfMzV4QKQb8HgncsQVdQg	al1sx		1	4
5ALcXwMBh6MxbInMWmHElC	Nobu Woods		6245	39
31W5EY0aAly4Qieq6OFu6I	A Boogie Wit da Hoodie	melodic rap, rap, trap	6842669	80
5rW0za70aWRnA8O2rvFiRp	Ella Bands		181	26
2TBTW8VyChJMjaSXgIbcdb	Bigg Bleet		17	3
4kYSro6naA4h99UJvo89HB	Cardi B	dance pop, pop, rap	20607119	80
5K4W6rqBFWDnAN6FQUkS6x	Kanye West	chicago rap, rap	18599551	90
3hcs9uc56yIGFCSy9leWe7	Lil Durk	chicago drill, chicago rap, drill, hip hop, rap, trap	4720270	81
3gkNs5LQs06WQIqCiabIYt	Lofi Temple		11358	22
4tITXlzlKxNZu8AMSFVqCa	EBK BCKDOE	cali rap	10639	46
6AuqJItfPeHmDlmS9wGwuI	S6LTY		8904	27
3t5xRXzsuZmMDkQzgOX35S	Robin Schulz	dance pop, deep euro house, deep house, edm, german dance, pop, pop dance, tropical house	2980262	80
40QZhjml17oLaOYDJhCyAp	Jerz		11	9
6Eln20liQVihYHqeR1zsEe	a.n.a.m.o.l.y		18	4
1Ix47lCANCUlqXfAa8p0ds	Irca		19	12
3bE5cfwkgfOHzWKjpkT0pu	Alpie		53	16
5mlPiCqcoz6pDrRj90xbJ2	VNM	polish hip hop	63397	43
1T4HxOYolAEb5PadIVKdWZ	Gibbs	polish hip hop	106043	68
1jGFwoIhmjGm0VMXTsi3dN	Dopehouse		1025	56
09K3a0notqoP1MFnyBfRAb	Fargo		186	15
4y5IK8VBswkl40ltpHI5o9	Almighty Suspect	cali rap	49089	34
2Bb57H1EnnHxtpSyOAJF8l	Frostydasnowmann	cali rap, viral rap	116341	51
1GVenmuuAtusi17LY6FvgI	Skilla Baby	detroit hip hop	15554	44
3uEpyrmz5CRqpDNFCCQwsy	TegroPay		1	2
0xX3oMVBa3dZ8R0CYCPhrd	Mainetoowavy!		2383	30
5iQ35aViY6b5ILF0cTDz0h	TheLisorML		83	26
6TLwD7HPWuiOzvXEa3oCNe	Oliver Tree	alternative hip hop	1938763	79
6VhMRqAyMakG5oTH7QXUj2	Mudbrudda Bo		122	8
1kz87VY2J1QkOPxgig3rcY	Vonte*	plugg, pluggnb, vapor trap	5859	39
6wbEgVlGqWb4I9tbMluu5Q	MONATIK	russian pop, ukrainian pop	556489	48
5Yiut7B5Ec52AjszgCO3jY	Petit Voyou	rap calme	14233	41
3MN2N9m3oekgxhqCuTdv5E	Project Poppa	cali rap	3723	27
2KDTINgANslhPVBfLpNlz0	SACAR aka Lil Buddha	nepali pop, nephop	8997	28
0AGwS4zwXlgeTJsee7q3cW	SO-SO	beatboxing	37798	32
3wcj11K77LjEY1PkEazffa	Burna Boy	afro dancehall, dancehall, nigerian hip hop, nigerian pop	3732348	78
5uvOG0MwnD2ANrxNBUPtNr	1.Cuz	swedish drill, swedish gangsta rap, swedish hip hop, swedish trap, swedish trap pop	113646	58
5Vuvs6Py2JRU7WiFDVsI7J	Lucky Daye	alternative r&b, indie r&b, pop, r&b	458354	67
5gPr1P9lwFGlprkyiK7mLm	Jack Dawkins		8300	26
3AA28KZvwAUcZuOKwyblJQ	Gorillaz	alternative hip hop	9469882	79
3eJiAiKXVyokt9bbCAPAGb	Piano by VN		1463	25
5phpqqI3Eo7iLP8ib64gFs	Karma2zz		1424	27
6aJqDx4kWbZxfwJzX8knLC	n8atnight		30	14
0XFCcVzqZfMSSdBQdf85NG	Reso Bankroll		0	1
5YDTh1UNv9m7n5WRTgbANa	Dalterino		768	35
5gDTo1Um9VlF9PgHk1w6ZM	babyface jay		14	9
5VkemxUDiz46ZHPdvh0LX0	ICO	belgian hip hop, french hip hop, rap belge, rap calme, rap francais	193191	52
6WEbJueFZyzOeg2O6oNPE9	Nili Hadida		814	9
6bOPqIecXpaqwWSczw53TR	Big Salley		24	13
1kh37wbvdoKuitDNZhVh07	SauceTh@t		33	19
4MiZV7vZ8WvXB3xzMaijmQ	G Twizz		1137	9
0LcJLqbBmaGUft1e9Mm8HV	ABBA	europop, swedish pop	9003341	78
2Q8o8SsnzwIlQ42cWB77m9	Beyond900		97	13
1SIghlrGacKWdkAvAgUdPC	Uriel Produce		284	23
6MLhXv0n3nXVhOnn0VWQGv	Nohell		27	8
21SpEr81vcI4FNg89Ra1Tm	Leama music		5	2
6JcrWArSZYyhGcy1i60wKI	Snoopy Dinero		827	10
2mRDgWrF5x7MOS1X1C1UDF	Semi Tee	amapiano	176294	34
2GJMSZ7M3D0KyyKRhYgWju	Focalistic	amapiano	431491	51
2UJRUGgGu9ADntAYptgjmf	Ma Lemon	amapiano	4057	22
56oDRnqbIiwx4mymNEv7dS	Lizzo	escape room, minnesota hip hop, pop, trap queen	5131978	78
1Y3oWBW7oP0ZNweFXUd3RO	Foster		27	11
63nivA3qFXiekXAIwJj0Ed	SauceKeyz		1	21
6yRoSjTiV0pJB8CubaG4rR	Bagga		89	10
0IDcMcgMwvFbFaGvSvyTXg	Crooger	zim hip hop	1319	17
1YTHpMKsUx2S20dnfAPDD7	trytoseeghosts		124	13
686J76iPYhjrjMzeVO9hT5	Matt Glo		49	0
33B4BmIHIFt7uSwbuaSHt8	Eleven Thirteen	neo-proto	465	8
7ar2nUW3BNxwE4GNYdsmXd	Phreyla		198	5
7isOCtA0QGV4lrT9faXqBj	Chanelfather	glitchcore	721	24
14zUHaJZo1mnYtn6IBRaRP	Justin Quiles	latin hip hop, reggaeton, trap latino	3775735	79
6mJzJxWhpHXGt7bjDpDAxg	TEKURUMOTOKAKU		5	6
5ayyPSqoObeTOj1UGtM79C	Zeballos	rap uruguayo	143728	55
6Vkbz7gfs3HOlvqCtJ2Rfk	KOIN		49	2
4qXC0i02bSFstECuXP2ZpL	Blxst	pop rap	351679	71
0cGUm45nv7Z6M6qdXYQGTX	Kehlani	dance pop, pop, post-teen pop, r&b, rap	6259024	74
1I7G0PbWHRM34jBZ0CLOE9	2GSpazzoutBaby		20	3
4OPxMZwnQ25fbgbRgGAETV	La Ticc		0	0
6031i29IecfEZ6lfuyrq9E	27 Diamond		25	4
1TuRAouHVEfMALNVLQ1Cau	Nehi Banda		9	12
3oTxYvPIeaVa60CkdJbhbS	Milly Racks		139	8
09zadvjBwm2np3wIemkHzU	oubert		37	1
07YZf4WDAMNwqr4jfgOZ8y	Jason Derulo	dance pop, edm, pop, pop rap, post-teen pop	11590833	78
2WBJQGf1bT1kxuoqziH5g4	Purple Disco Machine	deep house, house, tropical house	453317	71
7FNnA9vBm6EKceENgCGRMb	Anitta	funk carioca, funk pop, pagode baiano, pop, pop nacional	12334332	78
2wIVse2owClT7go1WT98tk	Missy Elliott	dance pop, hip hop, hip pop, pop rap, r&b, rap, urban contemporary, virginia hip hop	2074290	69
6FBDaR13swtiWwGhX1WQsP	blink-182	pop punk, punk, rock, socal pop punk	7255861	78
0WwSkZ7LtFUFjGjMZBMt6T	Dire Straits	album rock, classic rock, mellow gold, rock, soft rock	6145769	73
3vQ0GE3mI0dAaxIMYe5g7z	Paulo Londra	argentine hip hop, trap argentino, trap latino	19184060	78
5H1nN1SzW0qNeUEZvuXjAj	Danny Ocean	pop venezolano, reggaeton, trap latino	4474640	78
20JZFwl6HVl6yg8a4H3ZqK	Panic! At The Disco	modern rock	11508027	77
4iHNK0tOyZPYnBU7nGAgpQ	Mariah Carey	dance pop, pop, r&b, urban contemporary	8269247	77
2QoU3awHVdcHS8LrZEKvSM	Wilco	alternative country, alternative rock, chicago indie, indie rock, roots rock	671528	59
4OrieSJUghNfNx5UuPCgxF	Robin Williams	comedy	153155	40
7MzVbMozPCJRYjXq7pilQQ	Thizzler On The Roof		1181	38
1pWm8RcyiWZehSnb38i4fM	Young Slo-Be	cali rap, viral rap	46795	58
4lPU30QB53QTUVhkjcb0WS	EBK Young Joc	cali rap, viral rap	47757	52
7oXvysW3peGY3AEa17WoFt	EBK Trey B	cali rap	5270	39
5xYNmNkaWRqu3e5F4UXME8	Alfredo Olivas	banda, musica mexicana, nueva musica mexicana, sad sierreno	4893566	77
3MIwMeYV8vmgQFbbRiJTp2	Jeannie C. Riley	classic country pop	61746	39
63yrD80RY3RNEM2YDpUpO8	Melanie Martinez	alt z, electropop, pop	15446645	76
5y2Xq6xcjJb2jVM54GHK3t	John Legend	neo soul, pop, pop soul, r&b, urban contemporary	6298047	76
7FBcuc1gsnv6Y1nwFtNRCb	My Chemical Romance	emo, pop punk	7163494	76
1Mxqyy3pSjf8kZZL4QVxS0	Frank Sinatra	adult standards, easy listening, lounge	5863518	75
1bfl0AU8SqmLkElptOprhC	Julión Álvarez y su Norteño Banda	banda, musica mexicana, norteno, sad sierreno	1784375	77
0ErzCpIMyLcjPiwT4elrtZ	NLE Choppa	memphis hip hop, viral rap	5274407	76
768KV6PLzzcqy1CRCMFUNW	Baby Racks		2670	49
5me0Irg2ANcsgc93uaYrpb	The Notorious B.I.G.	east coast hip hop, gangster rap, hardcore hip hop, hip hop, rap	8195598	76
7c0XG5cIJTrrAgEC3ULPiq	Ty Dolla $ign	dance pop, hip hop, pop, pop rap, r&b, southern hip hop, trap, trap soul	4394902	80
4QorJVeBcR8p3rOveZtpSk	Bella Alubo	alte, nigerian pop	38172	42
3e7awlrlDSwF3iM0WBjGMp	Little Mix	dance pop, girl group, pop, post-teen pop, talent show, uk pop	10862900	76
62F9BiUmjqeXbBztCwiX1U	Lil Darkie	glitchcore, viral rap	1201996	70
6DgP9otnZw5z6daOntINxp	Joel Corry	dance pop, edm, pop, pop dance, tropical house, uk dance	307412	74
0C0XlULifJtAgn6ZNCW2eu	The Killers	alternative rock, dance rock, permanent wave, rock	6712053	75
7ywLsMIT1NHbZS6hxGScvm	Ryan Pardey		58	23
5IH6FPUwQTxPSXurCrcIov	Alec Benjamin	alt z, electropop, pop	3891441	75
5ZS223C6JyBfXasXxrRqOk	Jhené Aiko	pop, r&b, urban contemporary	5925243	76
2KEqzdPS7M5YwGmiuPTdr5	Rina Sawayama	art pop, dance pop, electropop, indie pop, pop, post-teen pop	822734	66
3tJoFztHeIJkJWMrx0td2f	Moneybagg Yo	hip hop, memphis hip hop, rap, southern hip hop, tennessee hip hop, trap	3248929	76
5F1aAS1duwlzExnPs3l2Xe	Pooh Shiesty	memphis hip hop, rap, southern hip hop, tennessee hip hop, trap	1009669	70
4FlG0V0jhLO4qGpayFOphj	EST Gee	kentucky hip hop, pop rap, rap, southern hip hop, trap	311386	71
1GxkXlMwML1oSg5eLPiAz3	Michael Bublé	adult standards, canadian pop, jazz pop, lounge	5497287	75
4NJhFmfw43RLBLjQvxDuRS	Wolfgang Amadeus Mozart	classical, classical era	4700724	74
0njRx4nljcrOPrIMm1hyci	Ralph Kirkpatrick	harpsichord, historical keyboard	840	16
4jogXSSvlyMkODGSZ2wc2P	Calibre 50	musica mexicana	8771602	76
3dAzSJ9lQnJSq5Z0OgDBep	Brad Kane	disney, movie tunes	10899	53
1GlMjIezcLwV3OFlX0uXOv	Lea Salonga	hollywood, movie tunes, show tunes, tagalog worship	162985	58
3xvaSlT4xsyk6lY1ESOspO	Disney		243260	80
5KNNVgR6LBIABRIomyCwKJ	Dermot Kennedy	folk-pop, irish pop, pop	1193278	73
0p4nmQO2msCgU4IF37Wi3j	Avril Lavigne	canadian pop, candy pop, dance pop, pop, post-teen pop	9254088	75
2cFrymmkijnjDg9SS92EPM	blackbear	pop, pop rap	4797255	78
6kgYj0BHuAkQkZVkxYFCVC	Fred Waring & The Pennsylvanians		684	22
3lPQ2Fk5JOwGWAF3ORFCqH	John Mellencamp	album rock, classic rock, country rock, heartland rock, mellow gold, pop rock, rock, singer-songwriter, soft rock	1419506	64
6piIAIurGAryW5h1rqQC16	Passion	ccm, christian alternative rock, christian music, world worship, worship	370703	59
61fqRzZ9aHyPeTdUIqEEFx	Kristian Stanfill	ccm, christian music, worship	119091	55
5YxebzzreNswbtYC1td4cx	Tasha Cobbs Leonard	gospel, naija worship	946849	57
3YChYj3gO6EJmFwI79cUSe	Anna Golden	anthem worship, apostolic worship, ccm, christian pop, world worship	21545	47
6XpaIBNiVzIetEPCWDvAFP	Whitney Houston	dance pop, pop, urban contemporary	8511377	74
5LfGQac0EIXyAN8aUwmNAQ	The Offspring	alternative metal, permanent wave, punk, rock, skate punk, socal pop punk	4753571	74
5FxD8fkQZ6KcsSYupDVoSO	Omar Apollo	bedroom pop, bedroom soul, pop, r&b	643227	74
1VBflYyxBhnDc9uVib98rw	Icona Pop	candy pop, dance pop, edm, electropop, metropopolis, pop, swedish electropop, swedish synthpop	685250	64
7gOdHgIoIKoe4i9Tta6qdD	Jonas Brothers	boy band, dance pop, pop, post-teen pop	6578915	74
7guDJrEfX3qb6FEbdPA5qi	Stevie Wonder	funk, motown, quiet storm, soul	5851249	74
1dABGukgZ8XKKOdd2rVSHM	Lofi Fruits Music	lo-fi cover, lo-fi product	765787	78
34b7j3TqM5ramjmt2mc8tB	Chill Fruits Music	lo-fi product	75604	77
509uujzfVFQeEMnsgGTjNO	Laura Mellencamp		2	13
6sFIWsNpZYqfjUpaCgueju	Carly Rae Jepsen	canadian pop, dance pop, electropop, pop, post-teen pop	5165994	74
6MDME20pz9RveH9rEXvrOM	Clean Bandit	dance pop, edm, pop, pop dance, post-teen pop, tropical house, uk dance, uk funky	4960497	74
5Wg2b4Mp42gicxEeDNawf7	A7S	scandipop	38933	70
3GBPw9NK25X1Wt2OUvOwY3	Jack Johnson	neo mellow	3494525	74
1mhlGWeiNrWnhJJc2EufYk	Gene Kelly	adult standards, lounge, vintage hollywood	82803	44
1i8SpTcr7yvPOmcqrbnVXY	Ozuna	puerto rican pop, reggaeton, trap latino	34159175	87
0GOx72r5AAEKRGQFn3xqXK	GIMS	francoton, french hip hop, rap conscient	3619272	69
6O9WquDfQTxGRZqZUXVEQx	RedOne	moroccan pop	53565	51
5C01hDqpEmrmDfUhX9YWsH	FIFA Sound		1535	49
0ZCO8oVkMj897cKgFH7fRW	Los Ángeles Azules	gruperas inmortales, musica mexicana, nu-cumbia, tropical	6380690	74
2UZIAOlrnyZmyzt1nuXr9y	Nicki Nicole	argentine hip hop, r&b argentino, trap argentino, trap latino	3411573	75
2wUjUUtkb5lvLKcGKsKqsR	Alessia Cara	canadian contemporary r&b, canadian pop, dance pop, electropop, pop, post-teen pop	10817801	73
10exVja0key0uqUkk6LJRT	Vance Joy	folk-pop, pop	2694312	74
3Z02hBLubJxuFJfhacLSDc	Bryan Adams	canadian pop, canadian singer-songwriter, classic canadian rock, heartland rock, mellow gold, soft rock	2815349	73
2wOqMjp9TyABvtHdOSOTUS	Ludwig van Beethoven	classical, classical era, early romantic era, german romanticism	4548245	70
4YqGpFG9xqeryfOQ42Iu6p	Yegor Dyachkov		23	15
2aEst9M9mH1HekrB1fjT6v	Jean Saulnier		34	15
2hR4h1Cao2ueuI7Cx9c7V8	Cavetown	bedroom pop, indie pop	3475355	73
6dn6x1XOng3LOAnfTjUn77	AJ Mitchell	alt z, dance pop, electropop, pop, post-teen pop	814443	61
3hYtANQYrE6pd2PbtEyTIy	Los Tigres Del Norte	norteno	4031545	74
1gPhS1zisyXr5dHTYZyiMe	Kevin Gates	baton rouge rap, pop rap, rap, southern hip hop, trap	5423935	73
4GvEc3ANtPPjt1ZJllr5Zl	Bazzi	dance pop, electropop, pop	5197580	72
4STHEaNw4mPZ2tzheohgXB	Paul McCartney	album rock, beatlesque, classic rock, folk rock, mellow gold, rock, soft rock	4169047	68
6QEKXJs8gQCiyBq5L8knco	Linda McCartney	classic uk pop	17352	49
2gBjLmx6zQnFGQJCAQpRgw	Nelly	dance pop, hip hop, pop rap, southern hip hop, st louis rap, urban contemporary	2267131	73
3b8QkneNDz4JHKKKlLgYZg	Florida Georgia Line	contemporary country, country, country pop, country road, modern country rock	4964813	74
0huGjMyP507tBCARyzSkrv	Cordae	dmv rap, hip hop, rap, trap, underground hip hop	1823102	66
3win9vGIxFfBRag9S63wwf	Bailey Zimmerman	contemporary country	251037	72
0M2CO5ijP35MDhNwvpgxTV	sped up nightcore	nightcore, sped up	36802	72
4S9EykWXhStSc15wEx8QFK	Céline Dion	canadian pop	6710168	72
5bSfBBCxY8QAk4Pifveisz	La Arrolladora Banda El Limón De Rene Camacho	banda, musica mexicana, ranchera	5419728	73
6sq1yF0OZEWA4xoXVKW1L9	Alejandro Fernández	latin arena pop, latin pop, mariachi, mexican pop, musica mexicana, ranchera, rock en espanol	6158663	75
6uVeWolwyRDrT84lLsaZyW	Suicide	alternative rock, art rock, experimental, experimental rock, industrial, new wave, no wave, synth punk	143805	40
3TOqt5oJwL9BE2NG9MEwDa	Disturbed	alternative metal, nu metal, rap metal	5613095	72
4sTQVOfp9vEMCemLw50sbu	Galantis	dance pop, edm, electro house, pop, pop dance, tropical house	3282419	72
7pwufEBGfggjoI8twqlsmQ	Nessa Barrett	alt z, pop, social media pop	897750	72
4QTVePrFu1xuGM9K0kNXkk	Dexys Midnight Runners	new romantic, new wave, new wave pop	206782	60
7ipGLKpbyUOKFaji4MY19m	Kevin Rowland	solo wave	2677	50
58R30oixEWaD1YGduLJpR5	Dylhen	progressive trance	2061	30
3jOstUTkEu2JkjvRdBA5Gu	Weezer	alternative rock, modern power pop, modern rock, permanent wave, rock	2918358	72
4yiQZ8tQPux8cPriYMWUFP	Gwen Stefani	dance pop, pop, post-teen pop	5610323	71
2VZNmg4vCnew4Pavo8zDdW	Max Richter	compositional ambient, post-minimalism	806634	71
1PMibp1HV8tdZaib2DXOdH	Elena Urioste		1173	43
7FKUsKktgY7Zf8iAL6wOls	Chineke! Orchestra	british orchestra	4230	52
45eNHdiiabvmbp4erw26rg	ILLENIUM	edm, melodic dubstep, pop, pop dance, tropical house	1307110	71
33qOK5uJ8AR2xuQQAhHump	Teddy Swims		578763	66
1UTPBmNbXNTittyMJrNkvw	Blake Shelton	contemporary country, country, country road, oklahoma country	6721052	69
6x2LnllRG5uGarZMsD4iO8	Thomas Rhett	contemporary country, country, country road	4265987	72
4MoAOfV4ROWofLG3a3hhBN	Jon Pardi	contemporary country, country, country road, modern country rock	1504308	70
2QMsj4XJ7ne2hojxt6v5eb	Riley Green	contemporary country, country, country road	483285	66
048LktY5zMnakWq7PTtFrz	CKay	afro r&b	1072157	71
22wbnEMDvgVIAGdFeek6ET	Benson Boone	pop	457201	71
4boI7bJtmB1L3b1cuL75Zr	Mon Laferte	latin alternative	4946527	71
3Fe3pszR2t4TOBVz41B1WR	The Oh Hellos	folk-pop, indie pop, san marcos tx indie, shimmer pop, stomp and holler	355359	60
0hItVPjwJLVZrFqOyIsxPf	Judy Garland	adult standards, hollywood, lounge, torch song, vocal jazz	215872	50
5vngPClqofybhPERIqQMYd	George Strait	contemporary country, country, country road, country rock	3458996	71
4f0OXMMSxr0r8Ztx6CdpAl	Sub Zero Project	euphoric hardstyle, rawstyle	146600	60
2Kx7MNY7cI1ENniW7vT30N	Norah Jones	contemporary vocal jazz, jazz pop, neo mellow	2860177	71
018L74CAnDhySqnw89CLBb	喵☆酱		557	35
0qKXd5MxIyOqdQg1jdmpXa	花玲		214	35
1C6GzBn0BnVSGAb5AfwIVP	爆裂菊是也		53	35
7b79bQFziJFedJb75k6hFt	Tion Wayne	london rap	695818	71
3iAhNz3e31lBuXYOsqGsf3	Unknown T	uk drill, uk hip hop	272167	61
40Yq4vzPs9VNUrIBG5Jr2i	The Smashing Pumpkins	alternative metal, alternative rock, grunge, permanent wave, pop rock, rock, spacegrunge	4167522	71
6cK3NBO6uP7hh0oyuVELFl	Saweetie	cali rap, dance pop, pop, rap, trap queen	1683594	71
3Y7RZ31TRPVadSFVy1o8os	H.E.R.	pop, r&b, rap, urban contemporary	5664008	74
7mEIug7XUlQHikrFxjTWes	Neil Diamond	adult standards, brill building pop, classic rock, folk rock, mellow gold, singer-songwriter, soft rock, yacht rock	2157831	66
2y8Jo9CKhJvtfeKOsYzRdT	Rod Stewart	mellow gold, soft rock	3831232	71
1bDWGdIC2hardyt55nlQgG	"""Weird Al"" Yankovic"	comedy rock, comic, parody	688417	57
0ZcJXldoq09BRIMl0Qh1Vm	Dave Koz	jazz saxophone, smooth jazz, smooth saxophone	90907	49
49bzE5vRBRIota4qeHtQM8	Skillet	alternative metal, christian alternative rock, christian music, christian rock	4327474	70
4XC335ouK6pXyq4QiIb8bP	Eliza Rose	house	21702	70
6uJ51uV5rYzu1MJkC4CceI	Interplanetary Criminal	breaks, experimental house	19242	70
080apEI56n6y4wL1epxCDo	‘Into The Woods’ 2022 Broadway Cast	broadway, show tunes	398	37
7z5WFjZAIYejWy0NI5lv4T	Dan + Shay	contemporary country, country, country road, pop	2776834	71
3K2zB87GZv1krx031en5VA	La Roux	alternative dance, dance pop, electropop, neo-synthpop	625357	63
3oDbviiivRWhXwIE8hxkVV	The Beach Boys	baroque pop, brill building pop, classic rock, psychedelic rock, rock, sunshine pop	3861579	70
4xFUf1FHVy696Q1JQZMTRj	Carrie Underwood	contemporary country, country, country dawn, oklahoma country, pop	5458065	70
4mxWe1mtYIYfP040G38yvS	Alan Jackson	country, country road	2123384	70
2Sqr0DXoaYABbjBo9HaMkM	Sara Bareilles	acoustic pop, hollywood, lilith, neo mellow, pop, pop rock	1843234	65
2gsggkzM5R49q6jpPvazou	Jessie J	dance pop, pop, pop rap, post-teen pop	10496983	70
027TpXKGwdXP7iwbjUSpV8	The Walters	chicago indie	420490	70
5p9CTsn5ueGU4oScNX1axu	August Burns Red	christian metal, christian metalcore, deathcore, melodic metalcore, metalcore, screamo	630003	54
2NjfBq1NflQcKSeiDooVjY	Tones And I	australian pop, pop	2982722	70
6QrQ7OrISRYIfS5mtacaw2	Jaymes Young	indie poptimism, modern rock, pop	830568	70
71jSVPQ6yskfyvWeiwvT5s	S1mba	afroswing	75506	61
1QL7yTHrdahRMpvNtn6rI2	George Frideric Handel	baroque, classical, early music, english baroque, german baroque	772885	64
44QKSpMVTzPZGcOegCwtIf	Mario Sollazzo	italian classical piano	1104	35
32vWCbZh0xZ4o9gkz4PsEU	Dolly Parton	classic country pop, country, country dawn	1935890	69
4tw2Lmn9tTPUv7Gy7mVPI4	Kenny Rogers	adult standards, classic country pop, country, mellow gold, nashville sound, soft rock	2224909	66
6AcOTCYBMvjKYy4zms0kaC	Banda El Recodo	banda, musica mexicana, ranchera	3202900	70
0FNW4zTrB6JjDb5ctjbX28	Clara Ward	gospel singers, praise	5672	27
1pHMYguhayIoXmPjoOUyu3	HAECHAN		101845	42
5rkVyNGXEgeUqKkB5ccK83	Ashanti	dance pop, hip hop, hip pop, r&b, urban contemporary	2552846	70
7H55rcKCfwqkyDFH9wpKM6	Christina Perri	dance pop, neo mellow, pop, pop rock, post-teen pop	3410515	70
78rUTD7y6Cy67W1RVzYs7t	PinkPantheress		1250528	69
07UJz804RJxqNvxFXC3h9H	Sam Gellaitry	future bass, scottish electronic, vapor soul, vapor twitch	104259	54
3u4qXYRgHgU7YtjZt9sduX	Eyelar	uk pop	5793	56
2jnIB6XdLvnJUeNTy5A0J2	Why Don't We	australian pop, boy band, dance pop, pop, post-teen pop	3367455	69
4rTv3Ejc7hKMtmoBOK1B4T	Ali Gatie	canadian hip hop, pop	1971513	69
73jBynjsVtofjRpdpRAJGk	Dimitri Vegas & Like Mike	belgian dance, belgian edm, big room, dance pop, edm, electro house, pop dance, progressive electro house, tropical house	3278944	68
03tes5RhEvH2dX2eDeGnRn	Age Of Love	bubble trance	17326	51
29zsVzEH33dD5QqxeL8dvy	Vini Vici	progressive uplifting trance	456364	61
0Y4inQK6OespitzD6ijMwb	Freddie Gibbs	alternative hip hop, hip hop, indiana hip hop, rap, southern hip hop, underground hip hop	1069856	69
3WtrH1zNpzoPSz6XpwCh6y	Delilah Montagu	british singer-songwriter	12156	49
0Rub4w3La02r6o7i3t9SC2	Smg4		29540	41
1XkoF8ryArs86LZvFOkbyr	Mary J. Blige	dance pop, hip pop, neo soul, r&b, urban contemporary	3334474	69
70BYFdaZbEKbeauJ670ysI	Shinedown	alternative metal, nu metal, post-grunge	3593702	69
7k73EtZwoPs516ZxE72KsO	ONE OK ROCK	j-pop, j-rock, japanese emo, visual kei	4625320	69
1W7FNibLa0O0b572tB2w7t	Pink Sweat$	bedroom soul, chill r&b, pop	1456322	69
6roFdX1y5BYSbp60OTJWMd	Tim McGraw	contemporary country, country, country road	4178191	69
3BEV5FcxOtkQJ7lLRKMh3V	Tyler Hubbard	contemporary country, country	30224	64
60uh2KYYSCqAgJNxcU4DA0	Hombres G	latin alternative, latin pop, latin rock, mexican pop, rock en espanol, spanish rock	3373653	69
0haZhu4fFKt0Ag94kZDiz2	Sofía Reyes	dance pop, latin pop, mexican pop	2720021	69
3EiLUeyEcA6fbRPSHkG5kb	De La Ghetto	latin hip hop, reggaeton, reggaeton flow, trap latino	6374054	79
4QTm9TRLBaMhCqQE96ETN6	Nathan Archie		4503	31
1m7V9rstnZ264nGJe9MDUq	Chilled Pig		1145	55
5zatdvej2AxogC5pbu2msR	BERWYN	uk alternative hip hop	32187	44
5p9zQL75ZiIbZHkgl4xoA0	Guante	slam poetry	2730	21
0XSz7OqyhKBKRq4ZU8WpAo	KAMILLE	uk contemporary r&b	13281	40
2i9uaNzfUtuApAjEf1omV8	Wet	art pop, brooklyn indie, electropop, indie pop, indie poptimism, nyc pop, pop, vapor soul	250744	52
3KNIG74xSTc3dj0TRy7pGX	Yung Bleu	alabama rap, pop rap, r&b, rap, trap	1190177	66
2sil8z5kiy4r76CRTXxBCA	The Goo Goo Dolls	neo mellow, permanent wave, pop rock	2356685	69
1QnifH4HAt0yWP9A9IcoMK	Winnie Raeder		4848	30
6VUdDU44uo3KwSHc9lAEFE	The Clark Sisters	gospel	240116	40
1vSN1fsvrzpbttOYGsliDr	Tori Kelly	dance pop, pop	2063082	65
4IVAbR2w4JJNJDDRFP3E83	6LACK	atl hip hop, hip hop, melodic rap, pop, r&b, rap, trap	3744287	74
7mnBLXK823vNxN3UWB7Gfz	The Black Keys	alternative rock, blues rock, garage rock, modern blues rock, modern rock, punk blues, rock, roots rock	3757430	69
0SfsnGyD8FpIN4U4WCkBZ5	Armin van Buuren	dutch trance, edm, pop dance, progressive house, trance	4124031	72
1bqxdqvUtPWZri43cKHac8	MAX	dance pop, pop, post-teen pop, viral pop	776945	69
3pc0bOVB5whxmD50W79wwO	keshi	chill r&b, pop	1971030	74
2nm38smINjms1LtczR0Cei	Goodboys	uk dance	42131	69
74lRkEloOvori8dZJjNEjd	The Wild		2063	54
0ZUvK7zGdXLd78mQr3t1Tw	Ricky Montgomery	indie pop, la indie	1323668	69
2e4nwiX8ZCU09LGLOpeqTH	Laura Pausini	europop, italian adult pop, latin arena pop, latin pop, mexican pop	2140856	69
6Ls7jvEOGiaPP5smBdptcF	Patrick Williams Orchestra		182	26
1gl0S9pS0Zw0qfa14rDD3D	Surf Curse	dreamo, indie surf, surf punk, vegas indie	815508	69
7JDSHlDdVTo7aZKdQZ53Vf	Static-X	alternative metal, groove metal, industrial metal, industrial rock, nu metal, rap metal, rap rock	1223668	56
5MspMQqdVbdwP6ax3GXqum	Annie Lennox	mellow gold, new wave pop, pop rock, singer-songwriter, soft rock	1275626	69
1DTZRmlVZBxx2wRQBtx6yi	Midland	neo-traditional country, texas country	234953	61
0V2oXYR7DtrZAEFeILRW2r	Lvbel C5	turkce drill, turkish trap	934219	69
3xGQQ8pYMw09C0YDkVS4mr	DB.Boutabag	cali rap, sacramento hip hop, viral rap	41497	50
6Tcv81NwhshAZnSsoJT0WI	Lil Seeto	viral rap	37622	44
1D8twu2cuGQdILSS02MqLW	Kai Bandz	cali rap, viral rap	19496	43
6rMFRIfxuuGJI8AqWiu8Qs	KFlex		9	29
19eLuQmk9aCobbVDHc6eek	Louis Armstrong	adult standards, dixieland, harlem renaissance, jazz trumpet, new orleans jazz, swing, vocal jazz	2564022	68
3VrWSWV74xyECVDt2zBy4T	The Commanders		964	42
5dlCVmfRbWVGOJYHzGyk32	Benny Carter	bebop, big band, cool jazz, jazz, jazz saxophone, library music, stride, swing, vocal jazz	23771	42
4Q5MS10mWfrDyiXVeAAzVd	T2	bass house	8818	48
02oexF6HrOu87MXwCt46Jd	ARPA		101	40
1MIVXf74SZHmTIp4V4paH4	Mabel	dance pop, edm, pop, pop dance, post-teen pop, tropical house, uk pop	1697370	68
49e4v89VmlDcFCMyDv9wQ9	Dean Martin	adult standards, easy listening, lounge, vocal jazz	1382078	68
46gyXjRIvN1NL1eCB8GBxo	All Time Low	modern rock, pop punk, rock	2849507	68
70kkdajctXSbqSMJbQO424	Kacey Musgraves	country dawn, pop, texas country	1175459	68
2x9SpqnPi8rlE9pjHBwmSC	Talking Heads	art punk, art rock, dance rock, funk rock, new wave, permanent wave, post-punk, rock, zolo	1983773	68
5wbf52LA6kcaboHSN6NEF1	PEDRO SAMPAIO	funk carioca	1973847	68
1etNnR2SdlelBQAICa2Q5m	Mc Pedrinho	funk carioca, funk mtg, funk ostentacao, funk paulista	3940269	68
4wP1kxjUsc9IR4Iy2smL7o	Trinidad Cardona		166112	61
0Y3agQaa6g2r0YmHPOO9rh	Davido	afropop, ghanaian hip hop, nigerian pop	2041651	66
0S85VL5RtkqXSh22xB8Je5	Aisha		647	40
7v4imS0moSyGdXyLgVTIV7	Nat King Cole	adult standards, vocal jazz	1918841	68
7gAppWoH7pcYmphCVTXkzs	The Vamps	boy band, dance pop, pop, post-teen pop	5418792	68
73Np75Wv2tju61Eo9Zw4IR	Idina Menzel	hollywood, show tunes	401957	68
4DzC4sTTWf2juzeeMiFB8O	Will Stetson	otacore	40876	50
6g1tKcNoNq2ZqlCiYyAh4i	ReeK		324	32
26AHtbjWKiwYzsoGoUZq53	Pentatonix	a cappella	3391773	68
0FEJqmeLRzsXj8hgcZaAyB	Indila	french pop	1022837	67
66oKiXdIQP7MwN0gPUY0FD	Bruce Adler	movie tunes	2406	43
6jTjjAjvYvMYfaqi837p5x	L'Arc-en-Ciel	anime, classic j-pop, j-poprock, visual kei	684060	55
0liyb0PPDyu3pfG7WZtsxO	Dick Stabile And His Orchestra		299	44
3klZnJvYGIbWritVwQD434	Duncan Laurence	dutch pop	439350	68
3Xj8xqJUruJ2moKunjaf0d	Sir Arthur Conan Doyle	hoerspiel, writing	10180	63
1hqkLVHqT6V4ai3lZoWj7U	Charles Fraser		32	40
0BZm9hxmJpSbcRlZXRDuk8	Christoph Hackenberg		686	46
3qnGvpP8Yth1AqSBMqON5x	Leon Bridges	modern blues	1460179	70
00FQb4jTyendYWaN8pK0wa	Lana Del Rey	art pop, pop	18547652	88
6A12UtHHfMyax9RMZLQR7y	The Quebe Sisters	western swing	3844	25
6xQvQwZQQuq9R3TdPNbcR8	Bassjackers	dutch house, edm, electro house, pop dance, progressive electro house	719834	57
15xvsJMf8phaNa1LYvL9Qv	John Dahlbäck	edm, electro house, house, pop dance, pop edm, progressive electro house, progressive house, swedish house, tech house	116844	48
5yOvAmpIR7hVxiS6Ls5DPO	Omah Lay	afro dancehall	766788	67
0HxX6imltnNXJyQhu4nsiO	LF SYSTEM		35909	67
4RVnAU35WRWra6OZ3CbbMA	Kylie Minogue	australian dance, australian pop, dance pop, electropop, eurodance, europop, new wave pop, pop	1569585	67
5V0MlUE1Bft0mbLlND7FJz	Ella Fitzgerald	adult standards, jazz blues, lounge, swing, vocal jazz	2190735	67
62FPyLpIhmk27hBw6RHlhh	Louis Jordan & His Tympany Five	jazz blues, rhythm and blues, swing	11655	41
7MhMgCo0Bl0Kukl93PZbYS	Blur	alternative rock, britpop, madchester, modern rock, permanent wave, pop rock, rock	2646177	67
3EA9hVIzKfFiQI0Kikz2wo	Andrea Bocelli	classical tenor, italian tenor, operatic pop	2253754	67
0a1gHP0HAqALbEyxaD5Ngn	Rascal Flatts	contemporary country, country, country road	3345928	67
7o95ZoZt5ZYn31e9z1Hc0a	Natasha Bedingfield	dance pop, europop, neo mellow, pop, pop rock, post-teen pop	1503692	63
7G1GBhoKtEPnP86X2PvEYO	Nina Simone	jazz blues, soul, soul jazz, torch song, vocal jazz	2458376	67
0czJqnJDu3vWrLHmsbLunu	The Muppets	cartoon, children's music, comic, movie tunes	56421	48
6S0GHTqz5sxK5f9HtLXn9q	Garbage	alternative dance, alternative rock, dance pop, dance rock, electronic rock, lilith, permanent wave, pop rock, rock	1035220	57
0gm1lHoOXAdy5OB4AwFYRr	Giorgia	classic italian pop, italian adult pop	872626	54
02rd0anEWfMtF7iMku9uor	Reba McEntire	contemporary country, country, country dawn, oklahoma country	1755835	60
1uU7g3DNSbsu0QjSEqZtEd	Masked Wolf	australian hip hop	619171	66
6aiFCgyKNwF9Rv5TOxnE8E	IDK	dmv rap, hip hop, rap, underground hip hop	412126	60
7gmVTgaiN0gpDJKvTHPTRL	KayCyy		35397	48
1ackd5XprZEkH3McKbQD51	Juan Magán	electro latino, latin pop, reggaeton, trap latino	1710658	67
3kgQWNZNpp8d8JQZhuKbPP	Topo La Maskara	dominican pop	3664	56
3oYQrBzEQNpxnjWXP54B4n	Brian D'Arcy James	broadway, hollywood, show tunes	10108	48
6aZyMrc4doVtZyKNilOmwu	Colbie Caillat	dance pop, neo mellow, pop, pop rock, post-teen pop	2401935	66
5J5DLfdC5YmPjVk8ljdOqU	Big Metra	argentine hip hop, trap mexicano	21747	50
6EJYPQEvC4cSPwIASaU2h5	Aneeka		3802	32
2gduEC76ry33RVurAvT05p	Nathan Dawe	dance pop, house, pop dance, post-teen pop, tropical house, uk dance	72988	66
4Mt6w4tDGiPgV5q6JWPlrI	Sleep	doom metal, drone metal, post-doom metal, psychedelic doom, stoner metal, stoner rock	238522	41
0B3N0ZINFWvizfa8bKiz4v	James TW	neo mellow, pop, pop rock, post-teen pop, uk pop	1186583	65
1jYpJw3SwzAvRKqmGQalrm	Gavin Creel	broadway, hollywood, show tunes	7925	38
2WHbNs4WT5ZN7rbjDqbyEE	Joshua Henry		4336	53
7DQYAz99eM3Y5PkP9WtUew	Jax	gen z singer-songwriter	344778	66
1eEfMU2AhEo7XnKgL7c304	Carpenters	adult standards, mellow gold, soft rock	2579058	65
0f2YkMXwFNJNSX7MymevKE	Kaash Paige	r&b	286113	61
2iE18Oxc8YSumAU232n4rW	The Jackson 5	motown, soul	1302785	65
0fiWOxhsBsQQvFDtxUQWo0	Brett Young	contemporary country, country, country road	939881	66
2Hbxyk7qJ22i8wFEqgM3vC	Charles Kelley	country pop	20002	41
2y8iIc0VErigC86kdswsoM	Laureños De La Sierra		289	41
43niWwvn8OX1HmJLXu4aLV	Monster High	pony	258445	55
2RVvqRBon9NgaGXKfywDSs	Maisie Peters	alt z, pop, uk pop	431422	65
5FQ8tBUtIamA2hRtatrYUF	Marc Seguí	spanish pop	95877	65
1QfpRUtH14JLoY6F6AYmwt	The Rare Occasions	la indie	180820	65
6hyMWrxGBsOx6sWcVj1DqP	Sebastian Ingrosso	edm, electro house, pop dance, progressive electro house, progressive house	942359	61
4AVFqumd2ogHFlRbKIjp1t	Alesso	dance pop, edm, electro house, pop, pop dance, tropical house	3863274	75
4we5S2VLjgY9KzIzApL1KI	Ryan Tedder		30191	56
2LkkwxA19J8C52wPQl5bG6	Jamie Miller	pop, pop soul	389235	65
3RwQ26hR2tJtA8F9p2n7jG	The Temptations	brill building pop, classic soul, funk, memphis soul, motown, soul	2540686	65
7185Q95lPFld0aoPqO6e0U	Blue Wednesday	chillhop, lo-fi beats	32905	54
0UVbCcNJ7xNvJ55Zq2YwrN	juniorodeo		975	50
7ApjMfT8P3bcePl99oKYFP	Randy Owen		1042	28
26cMerAxjx9GedFt0lMDjm	Bella Poarch	modern alternative pop	895932	64
1V5Hq88OkI5tpsh1EKxStp	Patina Miller	broadway, hollywood, show tunes	3588	41
4iDroUFo89Y7YBsdDTBmTD	Sueco	cali rap, pop rap	482599	65
5lKZWd6HiSCLfnDGrq9RAm	Leona Lewis	british soul, dance pop, europop, pop, post-teen pop, talent show	3407324	64
6htWLP8aiuf19FYMA4VQAZ	Massano	melodic techno	23504	46
3Avni6DLpoxtanND8mG5t8	Ghost and Pals	otacore	169873	54
2OEGI2wrCVmvavKEOMlccy	Phillipa Soo	hollywood, show tunes	56264	63
61ipISvUVa5LkJlKZnm3Oo	Alle Farben	dance pop, deep euro house, edm, german dance, pop dance, tropical house	322842	64
5PlfkPxwCpRRWQJBxCa0By	HUGEL	deep house, edm, pop dance, tropical house	96532	65
56Qz2XwGj7FxnNKrfkWjnb	FAST BOY		2845	70
7EQWExaNGfO6BJ8F6kRJCh	Florent Garcia		3887	40
00i4PzAbt6fpwgBqdtSP0q	anbuu	chillhop	4194	40
3CygdxquGHurS7f9LjNLkv	Little Big Town	contemporary country, country, country dawn, country road	2564138	65
5q8HGNo0BjLWaTAhRtbwxa	Brantley Gilbert	contemporary country, country, country road, modern country rock	2697783	65
7ACEUD7UsmmXrnj4OLt8f9	twocolors	dance pop, edm, pop dance, pop edm, tropical house	54273	64
7w1eTNePApzDk8XtgykCPS	Malaa	bass house, edm, electro house	223997	54
6XyY86QOPPrYVGvF9ch6wz	Linkin Park	alternative metal, nu metal, post-grunge, rap metal	22001846	82
4AcHt3JxKy59IX7JNNlZn4	Fitz and The Tantrums	la indie, modern alternative rock, modern rock, pop rock, rock	796623	64
0MZ2kdIMm8GrHOzPm1QK1A	Teddy Roxpin		561	41
4QC0ZIhtfKdj6Y8YdXoy8x	Lowfie		477	50
2OaHYHb2XcFPvqL3VsyPzU	Rico Nasty	alternative r&b, dance pop, dmv rap, escape room, pop, rap, trap queen	959971	64
